,...1,Species,Colony,Site,Temp,File,DATE,TIME,PAR,Depth(m),T(C),Battery_V,Dark_Fo,Fm,Fv,fv_fm,Sigma,p,Alp1,Tau1,Alp2,Tau2,Alp3,Tau3,Alp4,Tau4,TauAv1,TauAv2,GAIN,Light_Fo,Fm.1,Fv.1,Fv_Fm.1,Sigma.1,p.1,Alp1.1,Tau1.1,Alp2.1,Tau2.1,Alp3.1,Tau3.1,Alp4.1,Tau4.1,TauAv1.1,TauAv2.1,Pmax.e.s
1,3,Pocillopora,7,Samara,24,20260212,02/12/2026,48305,345.9,-0.3,28.7,15.96,143.5,262.2,118.7,0.453,259.5,0.31,0.6,521,0.22,3500,0.17,112299,--------,-------,1324,20707,400,256.2,281,24.8,0.088,166.2,0.23,0.176,509,0.017,19269,0.807,19315,--------,-------,15943,15998,62.7
2,4,Pocillopora,6,Samara,24,20260212,02/12/2026,48335,718.7,-0.3,28.6,15.94,95.5,167.6,72.1,0.43,242.5,0.3,0.46,380,0.35,2362,0.19,117013,--------,-------,1228,23404,700,237.9,253.4,15.6,0.061,169.2,0.28,0.781,30,0.207,15580,0.012,48394,--------,-------,3288,3829,304.1
3,5,Pocillopora,5,Samara,24,20260212.01,02/12/2026,48376,446.4,-0.3,28.6,15.94,112.3,198.9,86.7,0.436,214.4,0.36,0.52,439,0.28,2918,0.2,139936,--------,-------,1320,29051,600,202.6,219.8,17.2,0.078,152.3,0.06,0.16,657,0.015,16844,0.825,16903,--------,-------,14264,14302,70.1
4,6,Pocillopora,4,Samara,24,20260212.01,02/12/2026,48444,479,-0.3,28.5,15.91,107.6,190.4,82.8,0.435,216.9,0.36,0.51,437,0.29,3121,0.2,156111,--------,-------,1411,32148,600,172.2,184.2,12,0.065,141.7,0.21,0.129,526,0.86,21302,0.011,29204,--------,-------,18596,18712,53.8
5,7,Pocillopora,3,Samara,24,20260212.01,02/12/2026,48471,409.3,-0.2,28.4,15.89,200.1,348.8,148.7,0.426,239.9,0.29,0.49,427,0.31,2937,0.2,134388,--------,-------,1410,27787,300,358.7,386.9,28.2,0.073,158.9,0.03,0.146,717,0.839,17428,0.015,17463,--------,-------,14956,14994,66.9
6,8,Pocillopora,2,Samara,24,20260212.01,02/12/2026,48502,485.6,-0.3,28.4,15.89,116.9,198.2,81.3,0.41,257.9,0.23,0.51,397,0.3,2756,0.19,136213,--------,-------,1267,26242,600,203.4,216,12.6,0.059,169.8,0,0.087,779,0.883,17350,0.029,31846,--------,-------,15859,16328,63.1
7,9,Pocillopora,1,Samara,24,20260212.01,02/12/2026,48531,428.4,-0.3,28.4,15.89,166.6,232.8,66.2,0.284,277.8,0.2,0.5,549,0.24,3915,0.27,252431,--------,-------,1638,68381,400,234.5,245.2,10.6,0.043,167.8,0,0.192,239,0.793,16854,0.016,48640,--------,-------,13616,14161,73.4
8,10,Porites,12,Samara,24,20260212.01,02/12/2026,48567,475.2,-0.3,28.4,15.88,285.1,471.8,186.7,0.396,299.6,0.19,0.5,434,0.3,2422,0.2,109473,--------,-------,1173,22823,0,483.4,512.5,29.1,0.057,172.8,0,0.075,676,0.896,17152,0.029,39463,--------,-------,15876,16558,63
9,11,Porites,11,Samara,24,20260212.01,02/12/2026,48590,406,-0.3,28.4,15.86,232.3,393,160.7,0.409,244.8,0.23,0.47,405,0.33,2398,0.19,112094,--------,-------,1223,22801,300,371.5,397.1,25.5,0.064,155.4,0.25,0.125,604,0.865,19137,0.01,25166,--------,-------,16791,16875,59.6
10,12,Porites,14,Samara,24,20260212.01,02/12/2026,48616,566.5,-0.3,28.4,15.86,29.6,48.9,19.3,0.394,265.3,0.18,0.53,379,0.25,2288,0.22,105878,--------,-------,989,23685,1200,43.6,47.8,4.2,0.088,151.7,0,0.763,40,0.217,17390,0.02,47854,--------,-------,3888,4747,257.2
11,13,Porites,13,Samara,24,20260212.01,02/12/2026,48645,398,-0.3,28.4,15.86,266.5,441.8,175.3,0.397,293,0.19,0.53,423,0.29,2881,0.19,141222,--------,-------,1288,27495,200,424.3,459.5,35.2,0.077,165.3,0,0.218,549,0.026,18435,0.755,18440,--------,-------,14427,14533,69.3
12,14,Porites,15,Samara,24,20260212.01,02/12/2026,48665,779.8,-0.3,28.4,15.84,66.2,103.2,37,0.358,204.4,0.33,0.51,475,0.21,2690,0.28,168386,--------,-------,1112,48008,900,115.4,126.2,10.8,0.086,188.9,0.24,0.824,29,0.159,19409,0.017,34822,--------,-------,3163,3690,316.1
13,15,Porites,16,Samara,24,20260212.02,02/12/2026,48685,545.8,-0.3,28.4,15.83,186.5,315.2,128.7,0.408,267.2,0.25,0.55,468,0.24,3058,0.2,180101,--------,-------,1262,37627,400,327.4,347.3,20,0.057,163.1,0,0.111,533,0.856,18830,0.034,35105,--------,-------,16729,17345,59.8
14,16,Porites,17,Samara,24,20260212.02,02/12/2026,48709,494.9,-0.3,28.3,15.83,158.4,263.9,105.5,0.4,227.6,0.3,0.51,453,0.25,2824,0.23,121510,--------,-------,1240,29405,400,264.2,283.7,19.5,0.069,150.6,0.04,0.175,512,0.811,19228,0.014,19368,--------,-------,15905,15954,62.9
15,17,Pocillopora,7,Samara,26,20260212.02,02/12/2026,54578,533.7,-0.3,25.2,15.87,104.1,175.5,71.4,0.407,214.5,0.37,0.61,533,0.2,4639,0.19,195598,--------,-------,1547,39371,600,182.1,194.9,12.9,0.066,153,0.24,0.166,738,0.822,16247,0.012,16262,--------,-------,13640,13670,73.3
16,18,Pocillopora,1,Samara,26,20260212.02,02/12/2026,54613,409.8,-0.3,25.2,15.83,140.9,226.9,86,0.379,249.8,0.26,0.53,418,0.28,2443,0.2,174503,--------,-------,1113,35082,500,220.3,238.3,18,0.075,178.4,0,0.215,610,0.768,15587,0.017,18418,--------,-------,12316,12422,81.2
17,19,Pocillopora,6,Samara,26,20260212.02,02/12/2026,54642,415.2,-0.2,25.2,15.84,164.2,295.5,131.2,0.444,234.5,0.34,0.57,440,0.24,3307,0.19,117066,--------,-------,1278,23122,500,297.5,322.5,25,0.077,153,0.18,0.157,678,0.016,17646,0.827,17686,--------,-------,14978,15021,66.8
18,20,Pocillopora,4,Samara,26,20260212.02,02/12/2026,54669,728.5,-0.3,25.2,15.81,73.2,122.9,49.7,0.405,191.4,0.43,0.46,355,0.32,2205,0.23,128360,--------,-------,1111,30210,800,138.3,145.5,7.2,0.05,163.3,0,0.09,607,0.886,16729,0.024,25034,--------,-------,15240,15473,65.6
19,21,Pocillopora,3,Samara,26,20260212.02,02/12/2026,54694,509.9,-0.3,25.2,15.8,128,218,90,0.413,240.3,0.31,0.51,476,0.29,3536,0.2,213765,--------,-------,1592,43642,600,235.8,250.9,15.1,0.06,154,0.17,0.12,719,0.867,16477,0.013,16548,--------,-------,14564,14590,68.7
20,22,Pocillopora,2,Samara,26,20260212.02,02/12/2026,54717,522.8,-0.3,25.2,15.79,34,56.7,22.7,0.401,216.1,0.34,0.5,420,0.29,2600,0.21,147843,--------,-------,1215,31392,1200,55.7,60.8,5.1,0.084,147.7,0.36,0.183,666,0.015,20473,0.802,20616,--------,-------,16916,16971,59.1
21,23,Pocillopora,5,Samara,26,20260212.02,02/12/2026,54741,522.5,-0.3,25.2,15.78,102.3,167.6,65.3,0.39,208.9,0.33,0.51,456,0.26,2772,0.22,201152,--------,-------,1243,45511,700,182.9,196,13.1,0.067,153,0.19,0.159,500,0.832,15494,0.009,16424,--------,-------,13094,13124,76.4
22,24,Porites,13,Samara,26,20260212.02,02/12/2026,54771,443.3,-0.3,25.3,15.78,295.5,493.5,198,0.401,296.9,0.19,0.55,403,0.25,2475,0.2,146355,--------,-------,1056,29405,0,483,523.9,40.9,0.078,171.7,0.09,0.19,534,0.013,16634,0.796,16674,--------,-------,13559,13600,73.8
23,25,Porites,16,Samara,26,20260212.03,02/12/2026,54788,493.4,-0.3,25.3,15.77,237.2,394.4,157.2,0.398,286.5,0.24,0.56,406,0.23,2357,0.21,156322,--------,-------,982,33745,300,429.7,457.7,28,0.061,179.6,0,0.052,646,0.905,18048,0.043,38545,--------,-------,17096,18021,58.5
24,26,Porites,17,Samara,26,20260212.03,02/12/2026,54807,439.5,-0.3,25.3,15.76,197.6,340,142.3,0.419,270.7,0.25,0.58,443,0.24,3778,0.19,179173,--------,-------,1412,34325,300,334.4,362.8,28.4,0.078,160,0.08,0.168,450,0.02,18450,0.812,18489,--------,-------,15397,15459,64.9
25,27,Porites,15,Samara,26,20260212.03,02/12/2026,54834,451.7,-0.3,25.3,15.74,234.2,397.4,163.2,0.411,301.1,0.21,0.57,373,0.24,2402,0.19,134217,--------,-------,963,26562,300,405.3,436.1,30.7,0.07,182.4,0,0.113,596,0.855,17116,0.032,34895,--------,-------,15180,15806,65.9
26,28,Porites,11,Samara,26,20260212.03,02/12/2026,54858,460.2,-0.3,25.3,15.74,273.5,439.7,166.3,0.378,287.9,0.21,0.5,396,0.3,3016,0.2,129971,--------,-------,1366,27271,200,425.5,456.9,31.4,0.069,167.4,0.13,0.18,458,0.013,16077,0.806,16113,--------,-------,13250,13287,75.5
27,31,Porites,14,Samara,26,20260212.03,02/12/2026,54922,630,-0.3,25.3,15.73,151.2,260.8,109.6,0.42,289.9,0.26,0.59,449,0.21,2850,0.2,138255,--------,-------,1067,28343,500,285.3,300.8,15.5,0.052,192.9,0,0.02,561,0.943,17129,0.036,38151,--------,-------,16778,17556,59.6
28,32,Porites,12,Samara,26,20260212.03,02/12/2026,55066,503.2,-0.3,25.4,15.76,258,420.5,162.4,0.386,302.8,0.21,0.55,342,0.26,2438,0.19,107856,--------,-------,1010,21688,0,414.7,445.1,30.5,0.068,203.9,0,0.191,590,0.778,16233,0.031,20167,--------,-------,13142,13357,76.1
29,33,Pocillopora,6,Samara,28,20260212.03,02/12/2026,60228,360.2,-0.3,25.3,15.76,154.2,273.9,119.7,0.437,238,0.31,0.59,468,0.21,2902,0.2,124943,--------,-------,1107,26185,400,262.2,289.8,27.7,0.096,167.8,0.27,0.227,766,0.024,17721,0.749,17723,--------,-------,13776,13871,72.6
30,35,Pocillopora,5,Samara,28,20260212.04,02/12/2026,60331,491,-0.3,25.4,15.69,101.7,170.1,68.4,0.402,205.5,0.4,0.51,386,0.26,2535,0.23,145738,--------,-------,1105,34681,700,164.3,178.3,14.1,0.079,160.7,0.16,0.192,677,0.012,14135,0.796,14190,--------,-------,11563,11593,86.5
31,36,Porites,14,Samara,28,20260212.04,02/12/2026,60375,505.7,-0.3,25.4,15.67,91.6,157.9,66.4,0.42,303.7,0.27,0.57,398,0.23,2596,0.19,129926,--------,-------,1032,25793,700,171.9,187.1,15.2,0.081,174.3,0,0.201,483,0.027,15551,0.772,15578,--------,-------,12452,12535,80.3
32,37,Porites,12,Samara,28,20260212.04,02/12/2026,60415,540.2,-0.3,25.4,15.66,155.9,260,104.1,0.4,274.1,0.25,0.53,331,0.27,2582,0.2,109764,--------,-------,1098,23133,400,257.1,280,22.9,0.082,158.3,0.08,0.21,381,0.015,16886,0.775,16894,--------,-------,13377,13431,74.8
33,38,Pocillopora,4,Samara,28,20260212.04,02/12/2026,60447,415.7,-0.2,25.4,15.65,97,166.9,69.9,0.419,227.4,0.3,0.53,392,0.25,2863,0.21,154576,--------,-------,1193,34152,700,163.8,179.1,15.3,0.086,162.1,0.26,0.165,580,0.822,16525,0.013,16568,--------,-------,13857,13892,72.2
34,39,Pocillopora,2,Samara,28,20260212.04,02/12/2026,60484,580,-0.3,25.4,15.64,138.2,233.4,95.2,0.408,240.8,0.32,0.55,469,0.23,2747,0.22,146649,--------,-------,1138,33113,500,232.3,248.7,16.4,0.066,170.3,0.05,0.179,604,0.805,13774,0.016,13799,--------,-------,11382,11421,87.9
35,40,Pocillopora,1,Samara,28,20260212.04,02/12/2026,60514,377.4,-0.3,25.4,15.64,151.9,259.6,107.7,0.415,264.5,0.26,0.61,390,0.18,2720,0.2,126451,--------,-------,929,26086,500,247.9,272.9,25.1,0.092,171.8,0.19,0.221,682,0.012,17036,0.767,17059,--------,-------,13394,13437,74.7
36,41,Porites,17,Samara,28,20260212.04,02/12/2026,60543,587.4,-0.3,25.5,15.62,203.6,343.2,139.6,0.407,270.2,0.24,0.53,397,0.25,2328,0.22,116373,--------,-------,1014,26555,300,340.6,364.2,23.6,0.065,179.4,0,0.153,523,0.812,16399,0.035,24251,--------,-------,13887,14251,72
37,42,Porites,15,Samara,28,20260212.04,02/12/2026,60574,600.5,-0.3,25.5,15.61,95.8,160.2,64.4,0.402,215.8,0.36,0.57,394,0.21,3057,0.23,172298,--------,-------,1101,40150,700,153.9,167.9,14,0.083,167.8,0.22,0.217,360,0.757,19589,0.026,19589,--------,-------,15309,15422,65.3
38,43,Porites,16,Samara,28,20260212.04,02/12/2026,60597,507.7,-0.2,25.5,15.6,150.3,249.3,99,0.397,263.5,0.27,0.6,402,0.19,3234,0.21,178581,--------,-------,1070,38491,500,246.1,269,22.9,0.085,168.5,0.03,0.245,442,0.017,17641,0.739,17651,--------,-------,13371,13441,74.8
39,44,Porites,11,Samara,28,20260212.04,02/12/2026,60628,375,-0.3,25.5,15.6,202.6,328.5,125.9,0.383,269.5,0.2,0.55,439,0.27,3516,0.18,173495,--------,-------,1446,33232,300,297.2,327.6,30.3,0.093,169.5,0.22,0.238,575,0.011,16071,0.752,16131,--------,-------,12397,12435,80.7
40,45,Pocillopora,3,Samara,28,20260212.05,02/12/2026,60657,521.5,-0.3,25.5,15.59,140.3,237.7,97.4,0.41,221.9,0.34,0.48,422,0.28,2437,0.24,130618,--------,-------,1159,31623,500,240.6,258.1,17.5,0.068,161.2,0.19,0.162,704,0.013,16476,0.825,16503,--------,-------,13911,13945,71.9
41,46,Porites,13,Samara,28,20260212.05,02/12/2026,60681,553.9,-0.3,25.5,15.58,240.2,396.8,156.6,0.395,300.3,0.23,0.57,401,0.22,2644,0.21,140663,--------,-------,1028,30390,200,358.8,385.4,26.6,0.069,179.5,0.21,0.202,370,0.784,15568,0.014,15597,--------,-------,12457,12501,80.3
42,47,Pocillopora,7,Samara,28,20260212.05,02/12/2026,60711,380.1,-0.3,25.6,15.57,98.6,174,75.4,0.433,234.6,0.33,0.59,482,0.19,3570,0.22,169573,--------,-------,1243,38692,700,165.3,181.5,16.2,0.089,182.3,0.37,0.215,467,0.013,16202,0.772,16272,--------,-------,12823,12866,78
43,48,Pocillopora,5,Samara,30,20260212.05,02/12/2026,65494,601.7,-0.2,26.1,15.62,107.5,177.9,70.4,0.396,207.2,0.41,0.52,317,0.25,2316,0.23,160513,--------,-------,969,37454,500,172.3,184.8,12.5,0.068,161.6,0.36,0.146,623,0.845,15470,0.009,15581,--------,-------,13285,13305,75.3
44,49,Pocillopora,6,Samara,30,20260212.05,02/12/2026,65534,380,-0.3,26.1,15.59,124.9,218.7,93.8,0.429,235.1,0.33,0.56,354,0.23,2749,0.21,113613,--------,-------,1061,24694,600,198.7,219.2,20.5,0.093,165.1,0.32,0.217,662,0.015,16690,0.768,16691,--------,-------,13159,13213,76
45,50,Pocillopora,7,Samara,30,20260212.05,02/12/2026,65611,519.9,-0.3,26.1,15.56,85.5,149.5,64,0.428,233.7,0.33,0.53,346,0.25,2119,0.22,100443,--------,-------,924,22807,700,140.1,151.1,11,0.073,172.1,0.19,0.191,518,0.012,14066,0.797,14150,--------,-------,11518,11548,86.8
46,51,Porites,16,Samara,30,20260212.05,02/12/2026,65657,484.1,-0.3,26.1,15.53,217.5,366.3,148.8,0.406,303.8,0.21,0.58,339,0.22,2457,0.2,126874,--------,-------,921,25862,300,363.5,397.6,34.1,0.086,177.9,0.04,0.195,561,0.027,16842,0.778,16845,--------,-------,13583,13671,73.6
47,52,Pocillopora,3,Samara,30,20260212.05,02/12/2026,65704,430.5,-0.3,26.2,15.51,156.1,256.5,100.4,0.391,243.5,0.27,0.53,437,0.23,2889,0.24,135802,--------,-------,1193,33222,500,225.4,242.9,17.5,0.072,184.3,0.36,0.167,646,0.012,16128,0.821,16130,--------,-------,13519,13551,74
48,53,Porites,14,Samara,30,20260212.05,02/12/2026,65742,571.9,-0.3,26.2,15.51,127.2,219.6,92.4,0.421,309.2,0.24,0.62,401,0.18,3123,0.2,119775,--------,-------,1018,25301,500,203.7,221.3,17.6,0.08,225.3,0,0.175,550,0.792,14459,0.033,14490,--------,-------,11943,12028,83.7
49,54,Porites,11,Samara,30,20260212.05,02/12/2026,65776,394,-0.3,26.2,15.51,210.2,353.3,143.1,0.405,261.8,0.18,0.52,354,0.29,2584,0.19,120713,--------,-------,1153,24250,300,301.4,334.2,32.8,0.098,173.1,0.27,0.248,439,0.74,15964,0.012,15968,--------,-------,12065,12110,82.9
50,55,Pocillopora,2,Samara,30,20260212.06,02/12/2026,65815,651.5,-0.3,26.2,15.48,63.7,103.7,39.9,0.385,213.5,0.35,0.5,334,0.26,1988,0.24,158997,--------,-------,895,38726,900,98.3,105.4,7.1,0.067,174.3,0.07,0.222,865,0.014,12670,0.765,12702,--------,-------,10042,10078,99.6
51,56,Porites,12,Samara,30,20260212.06,02/12/2026,65849,457.7,-0.3,26.2,15.47,278.9,474.4,195.5,0.412,316.7,0.23,0.55,348,0.24,2623,0.21,131705,--------,-------,1047,27925,200,454.9,501.1,46.2,0.092,188.5,0,0.232,523,0.028,14829,0.74,14861,--------,-------,11443,11538,87.4
52,57,Pocillopora,1,Samara,30,20260212.06,02/12/2026,65881,392.5,-0.3,26.2,15.47,149.2,239.5,90.3,0.377,262.5,0.23,0.56,384,0.22,2531,0.23,158326,--------,-------,989,36488,500,227.7,249,21.2,0.085,178,0.06,0.258,654,0.012,16705,0.73,16837,--------,-------,12613,12664,79.3
53,58,Porites,17,Samara,30,20260212.06,02/12/2026,65920,488.4,-0.3,26.3,15.45,241.9,411,169,0.411,308.3,0.22,0.55,353,0.23,2500,0.22,122565,--------,-------,999,27650,200,389.6,423.7,34.1,0.081,178.8,0.17,0.19,380,0.012,16012,0.798,16153,--------,-------,13125,13160,76.2
54,59,Porites,15,Samara,30,20260212.06,02/12/2026,65968,566.6,-0.3,26.3,15.44,128.7,222.7,94,0.422,237.8,0.31,0.55,347,0.21,2630,0.24,125268,--------,-------,972,30839,500,231,254.3,23.3,0.092,165.9,0.02,0.224,364,0.758,16155,0.017,16184,--------,-------,12551,12614,79.7
55,60,Porites,13,Samara,30,20260212.06,02/12/2026,66013,479,-0.3,26.3,15.42,236.9,394.3,157.4,0.399,309.7,0.24,0.51,314,0.29,1995,0.21,125452,--------,-------,921,26657,200,362.7,399.3,36.6,0.092,182.1,0.08,0.269,473,0.716,14000,0.016,14014,--------,-------,10309,10366,97
56,61,Pocillopora,4,Samara,30,20260212.06,02/12/2026,66059,343.7,-0.3,26.3,15.42,174.4,294.4,120,0.408,259.5,0.27,0.44,361,0.32,2642,0.24,104334,--------,-------,1309,25891,400,278.3,302.7,24.4,0.081,175,0.2,0.187,588,0.01,14696,0.803,14729,--------,-------,12059,12086,82.9
57,62,Pocillopora,4,Samara,32,20260212.06,02/12/2026,71268,541.2,-0.3,26.8,15.44,23.6,39.2,15.6,0.399,205,0.36,0.49,333,0.26,1882,0.25,133705,--------,-------,864,34695,1300,35.4,38,2.6,0.068,226.8,0,0.305,943,0.68,14290,0.016,14538,--------,-------,10158,10226,98.4
58,63,Pocillopora,5,Samara,32,20260212.06,02/12/2026,71343,439.5,-0.3,26.8,15.4,155.8,260,104.2,0.401,237.8,0.33,0.5,348,0.26,2236,0.24,160453,--------,-------,993,38853,500,236.7,257,20.4,0.079,175.4,0.21,0.19,836,0.799,14887,0.011,15079,--------,-------,12188,12220,82
59,64,Pocillopora,6,Samara,32,20260212.06,02/12/2026,71372,419.5,-0.3,26.8,15.38,94.3,159.5,65.2,0.409,222.6,0.38,0.57,404,0.19,2904,0.23,194322,--------,-------,1031,46431,700,148.5,162.2,13.7,0.084,176.4,0.46,0.19,856,0.014,19149,0.796,19199,--------,-------,15664,15713,63.8
60,65,Pocillopora,7,Samara,32,20260212.07,02/12/2026,71398,449.6,-0.3,26.8,15.38,70.1,121.4,51.3,0.423,228,0.32,0.56,393,0.19,2302,0.25,142540,--------,-------,888,36144,800,107.4,117.6,10.2,0.087,171.7,0.23,0.219,738,0.012,15775,0.769,15827,--------,-------,12478,12517,80.1
61,66,Pocillopora,3,Samara,32,20260212.07,02/12/2026,71439,405.4,-0.3,26.9,15.35,44,74.8,30.8,0.411,225.7,0.29,0.59,411,0.21,3919,0.2,186304,--------,-------,1333,38279,1000,65.2,71.8,6.5,0.091,176.7,0.43,0.177,754,0.798,17918,0.025,18004,--------,-------,14800,14879,67.6
62,67,Porites,14,Samara,32,20260212.07,02/12/2026,71484,536.2,-0.3,26.9,15.34,134.5,236.2,101.7,0.431,338.5,0.22,0.57,367,0.22,2419,0.2,117106,--------,-------,941,24747,500,210.5,229,18.5,0.081,199.9,0,0.173,509,0.803,13805,0.023,19644,--------,-------,11443,11635,87.4
63,68,Porites,12,Samara,32,20260212.07,02/12/2026,71558,521.9,-0.3,26.9,15.32,149.9,252.3,102.3,0.406,278.8,0.24,0.57,344,0.22,2620,0.21,146170,--------,-------,973,31438,500,246.3,270,23.8,0.088,174.5,0.14,0.219,425,0.766,17087,0.015,17150,--------,-------,13381,13436,74.7
64,69,Pocillopora,2,Samara,32,20260212.07,02/12/2026,71596,446.4,-0.3,26.9,15.3,178.1,296,117.9,0.398,266.4,0.26,0.52,378,0.25,2280,0.23,145878,--------,-------,996,34360,400,279.2,304.7,25.6,0.084,170.6,0.11,0.224,794,0.766,13478,0.01,13478,--------,-------,10611,10640,94.2
65,70,Pocillopora,1,Samara,32,20260212.07,02/12/2026,71642,492.3,-0.3,27,15.29,78.5,124.6,46.1,0.37,223,0.32,0.53,359,0.21,1896,0.26,159679,--------,-------,789,42159,800,118.4,129.1,10.7,0.083,168.4,0.26,0.246,501,0.743,15964,0.01,16138,--------,-------,12114,12155,82.5
66,71,Porites,17,Samara,32,20260212.07,02/12/2026,71675,425.6,-0.3,27,15.27,200.7,341.6,140.9,0.412,304.9,0.23,0.57,407,0.21,3094,0.23,130134,--------,-------,1131,30210,300,305.3,338.3,33,0.098,190,0.12,0.215,617,0.768,16728,0.017,16731,--------,-------,13205,13263,75.7
67,72,Porites,11,Samara,32,20260212.07,02/12/2026,71717,494.3,-0.3,27,15.26,133.2,214.3,81,0.378,251.8,0.25,0.48,358,0.3,2909,0.21,175439,--------,-------,1339,38745,500,192,209.5,17.5,0.083,166.8,0.2,0.219,593,0.012,16622,0.77,16634,--------,-------,13085,13126,76.4
68,73,Porites,13,Samara,32,20260212.07,02/12/2026,71759,478.7,-0.3,27,15.24,270.5,447.4,176.9,0.395,315.4,0.22,0.53,320,0.26,2148,0.21,133397,--------,-------,919,28370,200,411.4,452.3,40.9,0.09,190.2,0,0.295,438,0.691,12449,0.014,12476,--------,-------,8858,8909,112.9
69,74,Porites,15,Samara,32,20260212.07,02/12/2026,71810,474.1,-0.3,27,15.23,88,146.6,58.6,0.399,303.1,0.28,0.59,432,0.17,2709,0.24,122800,--------,-------,941,30573,700,138,154.1,16.1,0.104,178.7,0.1,0.286,435,0.7,13574,0.015,13602,--------,-------,9766,9822,102.4
70,75,Porites,16,Samara,32,20260212.08,02/12/2026,71842,552.7,-0.3,27.1,15.24,136.6,230.9,94.3,0.408,267.3,0.27,0.55,310,0.24,2511,0.21,172827,--------,-------,968,37667,500,228.1,250.3,22.1,0.088,181.2,0,0.215,450,0.762,16640,0.022,17756,--------,-------,13073,13177,76.5
71,76,Pocillopora,6,Samara,34,20260212.08,02/12/2026,77264,627,-0.3,27.3,15.3,28.5,45.2,16.7,0.37,207.8,0.37,0.56,334,0.23,2646,0.22,462151,--------,-------,1008,100189,1100,41.7,45.2,3.5,0.078,162.9,0.46,0.285,272,0.707,14919,0.008,17397,--------,-------,10715,10768,93.3
72,77,Pocillopora,4,Samara,34,20260212.08,02/12/2026,77305,518.9,-0.3,27.3,15.27,123.8,190.4,66.6,0.35,277.7,0.17,0.36,260,0.37,1904,0.26,111005,--------,-------,1092,30060,500,173.3,183.8,10.5,0.057,222.2,0,0.215,644,0.763,10341,0.022,10588,--------,-------,8210,8262,121.8
73,78,Pocillopora,5,Samara,34,20260212.08,02/12/2026,77336,621.3,-0.3,27.3,15.26,77.9,123.1,45.2,0.367,206.9,0.37,0.49,343,0.25,2221,0.26,191994,--------,-------,984,50508,800,95.9,103.3,7.4,0.072,186.8,0.35,0.229,443,0.762,12477,0.009,12554,--------,-------,9697,9722,103.1
74,79,Pocillopora,7,Samara,34,20260212.08,02/12/2026,77371,557.9,-0.3,27.3,15.24,48.9,80,31.1,0.389,219.7,0.37,0.56,397,0.23,3230,0.21,152885,--------,-------,1223,32788,1000,64.7,70.5,5.9,0.083,189.1,0.26,0.284,455,0.706,12421,0.01,12481,--------,-------,8989,9024,111.2
75,80,Pocillopora,3,Samara,34,20260212.08,02/12/2026,77419,438.9,-0.3,27.3,15.22,133.9,222.6,88.7,0.398,237.9,0.31,0.53,373,0.21,2631,0.25,165587,--------,-------,1019,42321,500,206.7,231.4,24.7,0.107,193.4,0.1,0.296,721,0.014,12932,0.69,12994,--------,-------,9308,9359,107.4
76,81,Pocillopora,2,Samara,34,20260212.08,02/12/2026,77444,507.8,-0.3,27.3,15.19,127.4,207.7,80.3,0.386,265.2,0.28,0.55,392,0.2,2597,0.24,170426,--------,-------,984,42092,500,194.2,213.3,19.1,0.09,184.5,0.05,0.313,925,0.67,12524,0.016,12545,--------,-------,8831,8892,113.2
77,82,Pocillopora,1,Samara,34,20260212.08,02/12/2026,77472,535.5,-0.3,27.4,15.19,80.4,124.5,44.1,0.354,220.7,0.37,0.6,390,0.13,3110,0.27,208267,--------,-------,889,56692,800,111.6,123,11.4,0.093,175.6,0.3,0.34,615,0.015,14363,0.645,14389,--------,-------,9636,9705,103.8
78,83,Porites,13,Samara,34,20260212.08,02/12/2026,77505,547.6,-0.2,27.4,15.17,251.2,400.5,149.3,0.373,326.6,0.22,0.52,323,0.25,2426,0.23,127107,--------,-------,1011,30192,200,364.3,397.9,33.7,0.085,209.4,0.09,0.389,595,0.595,12764,0.015,12805,--------,-------,7952,8027,125.8
79,84,Porites,11,Samara,34,20260212.08,02/12/2026,77530,477.7,-0.3,27.4,15.16,170.9,268.7,97.7,0.364,265.8,0.18,0.51,352,0.25,2596,0.24,141369,--------,-------,1089,34098,400,252.8,277.7,24.9,0.09,180.5,0.09,0.24,609,0.747,13599,0.013,13612,--------,-------,10445,10487,95.7
80,86,Porites,15,Samara,34,20260212.09,02/12/2026,77618,574.9,-0.3,27.3,15.14,87.9,145.4,57.5,0.396,239.2,0.33,0.56,324,0.19,2973,0.25,162848,--------,-------,1006,40843,700,145.8,161.2,15.4,0.096,175.5,0.1,0.261,416,0.02,14894,0.718,14913,--------,-------,11049,11128,90.5
81,87,Porites,16,Samara,34,20260212.09,02/12/2026,77652,447,-0.3,27.2,15.12,233.9,404.3,170.4,0.421,332.7,0.17,0.57,345,0.21,2795,0.22,91349,--------,-------,995,20957,200,398.7,437.3,38.5,0.088,201,0,0.239,546,0.024,14536,0.737,14568,--------,-------,11133,11216,89.8
82,88,Porites,14,Samara,34,20260212.09,02/12/2026,77696,477.3,-0.3,27.3,15.11,231.1,390.8,159.7,0.409,339.1,0.2,0.55,325,0.23,2481,0.22,113650,--------,-------,968,25669,200,373.7,409.5,35.7,0.087,200.9,0.07,0.281,484,0.013,11828,0.706,11831,--------,-------,8596,8638,116.3
83,89,Porites,12,Samara,34,20260212.09,02/12/2026,77725,378.4,-0.3,27.3,15.11,285.3,478.6,193.3,0.404,357.5,0.15,0.5,338,0.28,2846,0.22,112179,--------,-------,1241,25983,0,465.8,508.5,42.7,0.084,221,0,0.267,598,0.014,13127,0.718,13158,--------,-------,9750,9798,102.6
84,90,Porites,17,Samara,34,20260212.09,02/12/2026,77757,467.9,-0.2,27.2,15.08,271.2,462.1,191,0.413,341.6,0.19,0.55,366,0.22,2828,0.23,102143,--------,-------,1070,24598,200,433.1,477.8,44.8,0.094,196.6,0,0.217,577,0.765,13382,0.018,13396,--------,-------,10552,10603,94.8
85,91,Pocillopora,8,Samara,24,20260213,2/13/2026,42911,549.9,-0.2,26.7,15.12,53.1,84.5,31.4,0.372,207.1,0.36,0.42,309,0.36,2191,0.21,204460,--------,-------,1178,44628,800,90.7,96.9,6.2,0.064,152.2,0.04,0.165,928,0.823,15054,0.012,15099,--------,-------,12690,12718,78.8
86,92,Porites,20,Samara,24,20260213,2/13/2026,42955,443,-0.3,26.7,15.1,160.7,256.3,95.5,0.373,237.2,0.27,0.53,452,0.24,3110,0.23,148036,--------,-------,1272,35158,500,274.4,291.8,17.4,0.06,145.6,0.07,0.166,354,0.82,21168,0.014,31085,--------,-------,17655,17841,56.6
87,93,Porites,19,Samara,24,20260213,2/13/2026,42990,422.5,-0.3,26.7,15.08,123.1,197.3,74.3,0.376,238.4,0.28,0.45,413,0.35,3673,0.21,110899,--------,-------,1839,24277,500,201,213.2,12.3,0.057,188.9,0,0.129,592,0.841,18568,0.03,33051,--------,-------,16179,16693,61.8
88,94,Pocillopora,10,Samara,24,20260213,2/13/2026,43031,446.3,-0.3,26.7,15.05,100.1,167.5,67.4,0.402,211.8,0.35,0.47,431,0.3,2641,0.23,162328,--------,-------,1300,37539,700,171,182.9,11.9,0.065,155.9,0.08,0.163,694,0.822,17999,0.015,18068,--------,-------,15137,15181,66.1
89,95,Porites,18,Samara,24,20260213.01,2/13/2026,43063,431.6,-0.2,26.7,15.04,171.8,295.6,123.7,0.419,240.5,0.27,0.51,416,0.29,3130,0.2,140257,--------,-------,1412,28783,400,291.2,313.9,22.6,0.072,159.7,0.2,0.199,497,0.02,20234,0.782,20256,--------,-------,16252,16330,61.5
90,96,Pocillopora,9,Samara,24,20260213.01,2/13/2026,43098,352.5,-0.3,26.6,15.02,107.6,184.7,77,0.417,226.6,0.34,0.47,438,0.31,2891,0.22,143901,--------,-------,1400,32819,600,180.1,194.7,14.6,0.075,156.5,0.31,0.134,872,0.855,20445,0.012,22355,--------,-------,17796,17849,56.2
91,97,Pocillopora,8,Samara,26,20260213.01,2/13/2026,47105,491.4,-0.3,23.8,15.03,80.9,132.4,51.6,0.389,209.7,0.36,0.44,284,0.34,2102,0.22,121668,--------,-------,1076,27127,700,132.9,142.4,9.5,0.066,162.3,0.19,0.151,554,0.018,17676,0.831,17698,--------,-------,15062,15109,66.4
92,98,Pocillopora,9,Samara,26,20260213.01,2/13/2026,47138,475.3,-0.3,23.8,15.01,62.1,99.2,37.1,0.374,215.4,0.37,0.55,476,0.28,5548,0.17,1144903,--------,-------,2184,200396,900,95.7,103.2,7.5,0.073,151.7,0.14,0.178,670,0.811,16458,0.011,16481,--------,-------,13612,13643,73.5
93,99,Pocillopora,10,Samara,26,20260213.01,2/13/2026,47171,557.8,-0.3,23.8,14.99,29.9,47,17.1,0.364,207,0.43,0.59,588,0.22,7736,0.2,397548,--------,-------,2517,80256,1300,48.5,51.9,3.4,0.066,162.8,0.25,0.208,291,0.777,20703,0.016,24063,--------,-------,16398,16519,61
94,100,Porites,18,Samara,26,20260213.01,2/13/2026,47206,482.5,-0.3,23.8,14.98,149.5,250.7,101.2,0.404,236.9,0.28,0.5,386,0.29,2843,0.21,116653,--------,-------,1293,25908,500,240.4,260.1,19.6,0.076,158.7,0.04,0.244,439,0.016,17034,0.741,17049,--------,-------,12935,12999,77.3
95,101,Porites,19,Samara,26,20260213.01,2/13/2026,47244,548.4,-0.3,23.8,14.97,97.5,156,58.5,0.375,205.4,0.33,0.51,435,0.27,3939,0.23,150597,--------,-------,1648,35540,700,143.6,154.3,10.7,0.07,154.7,0.27,0.184,491,0.8,20436,0.016,21027,--------,-------,16713,16782,59.8
96,102,Porites,20,Samara,26,20260213.01,2/13/2026,47280,392.1,-0.3,23.8,14.96,192.7,316.5,123.8,0.391,246.5,0.24,0.57,432,0.19,3255,0.23,139973,--------,-------,1145,33575,400,280.7,305.4,24.8,0.081,157.7,0.15,0.213,401,0.765,17877,0.022,17909,--------,-------,14078,14162,71
97,103,Pocillopora,8,Samara,28,20260213.01,2/13/2026,50477,479,-0.3,23.9,14.96,50.9,82.4,31.5,0.383,231,0.32,0.52,390,0.29,2745,0.19,161312,--------,-------,1234,32326,900,75.3,80.7,5.4,0.067,180.5,0,0.136,909,0.841,14868,0.023,23166,--------,-------,12931,13168,77.3
98,104,Pocillopora,9,Samara,28,20260213.01,2/13/2026,50529,372.1,-0.3,23.9,14.94,127,220.8,93.8,0.425,237.5,0.32,0.6,495,0.2,3840,0.21,144076,--------,-------,1319,30912,500,204.1,223.5,19.4,0.087,163.5,0.18,0.187,591,0.015,15967,0.799,15971,--------,-------,13057,13100,76.6
99,105,Pocillopora,10,Samara,28,20260213.02,2/13/2026,50573,786.1,-0.3,23.9,14.92,38.1,60.9,22.7,0.373,195.5,0.46,0.5,367,0.26,2764,0.24,196769,--------,-------,1191,48817,1100,62.7,66.7,4.1,0.061,138.4,0.19,0.154,382,0.832,17631,0.014,18330,--------,-------,14939,14988,66.9
100,106,Porites,18,Samara,28,20260213.02,2/13/2026,50611,550.3,-0.3,24,14.92,192.9,329.6,136.7,0.415,262.6,0.29,0.48,381,0.31,2727,0.21,121474,--------,-------,1292,26701,300,316.3,342.8,26.5,0.077,168.3,0,0.169,497,0.816,14986,0.015,15115,--------,-------,12506,12546,80
101,107,Porites,19,Samara,28,20260213.02,2/13/2026,50661,663,-0.3,24,14.9,75.1,116.8,41.7,0.357,202.2,0.37,0.44,381,0.32,3569,0.24,150542,--------,-------,1723,36916,800,88.7,95.1,6.4,0.068,153.1,0.18,0.189,458,0.794,18024,0.017,18049,--------,-------,14645,14704,68.3
102,108,Porites,20,Samara,28,20260213.02,2/13/2026,50701,497.8,-0.3,24,14.89,126.1,206.3,80.2,0.389,228.8,0.28,0.55,364,0.22,2617,0.23,144704,--------,-------,999,33937,600,210.9,230.1,19.2,0.083,149.5,0.11,0.19,413,0.789,19499,0.021,19537,--------,-------,15798,15876,63.3
103,109,Pocillopora,10,Samara,30,20260213.02,2/13/2026,53959,373.7,-0.3,24.7,14.89,179.9,312.4,132.5,0.424,257.5,0.3,0.57,426,0.23,3022,0.2,143022,--------,-------,1172,28950,300,283.3,309.6,26.3,0.085,186.7,0.25,0.196,696,0.013,16632,0.791,16669,--------,-------,13497,13537,74.1
104,110,Pocillopora,9,Samara,30,20260213.02,2/13/2026,54016,337,-0.3,24.8,14.84,152.8,265.3,112.6,0.424,258.6,0.26,0.58,413,0.23,3727,0.19,148742,--------,-------,1365,28954,500,240.1,264.8,24.7,0.093,177,0.2,0.229,702,0.015,15820,0.756,15820,--------,-------,12302,12354,81.3
105,111,Pocillopora,8,Samara,30,20260213.02,2/13/2026,54059,541.4,-0.3,24.8,14.85,112.7,183.6,70.9,0.386,222.7,0.31,0.47,377,0.29,2228,0.24,176009,--------,-------,1087,42319,600,184.6,196.7,12,0.061,171.1,0,0.155,483,0.016,13949,0.83,13968,--------,-------,11847,11879,84.4
106,112,Porites,18,Samara,30,20260213.02,2/13/2026,54099,414.5,-0.3,24.8,14.84,190.5,321.9,131.4,0.408,277.8,0.26,0.55,385,0.22,2671,0.23,110873,--------,-------,1042,26175,400,295.7,327.5,31.8,0.097,182.5,0.17,0.235,511,0.739,16299,0.027,16301,--------,-------,12490,12592,80.1
107,113,Porites,19,Samara,30,20260213.02,2/13/2026,54149,409.3,-0.3,24.8,14.84,203.2,340.9,137.7,0.404,274.5,0.23,0.47,266,0.31,2024,0.22,90901,--------,-------,959,20493,300,313.1,343.5,30.4,0.088,181.3,0.26,0.2,511,0.786,16511,0.014,16547,--------,-------,13262,13308,75.4
108,114,Porites,20,Samara,30,20260213.02,2/13/2026,54192,443.7,-0.3,24.9,14.83,178.2,294.5,116.3,0.395,251.4,0.26,0.52,338,0.25,2717,0.23,127797,--------,-------,1110,30005,400,294.9,322.4,27.4,0.085,174.4,0.07,0.2,464,0.025,17649,0.775,17653,--------,-------,14129,14217,70.8
109,115,Pocillopora,9,Samara,32,20260213.03,2/13/2026,57523,430.3,-0.3,26,14.86,113.6,191.5,77.8,0.407,251.4,0.3,0.52,283,0.28,1816,0.2,133467,--------,-------,815,27233,500,166.8,182.5,15.7,0.086,185.9,0.29,0.209,725,0.015,16597,0.777,16686,--------,-------,13304,13352,75.2
110,116,Pocillopora,10,Samara,32,20260213.03,2/13/2026,57556,380.6,-0.3,26,14.85,161.1,276,114.8,0.416,257.7,0.31,0.58,366,0.2,2264,0.21,133450,--------,-------,860,29342,400,244.2,269.9,25.6,0.095,172.4,0.21,0.241,613,0.012,14653,0.747,14672,--------,-------,11246,11286,88.9
111,117,Pocillopora,8,Samara,32,20260213.03,2/13/2026,57592,454.8,-0.3,26,14.83,128.9,210.6,81.8,0.388,251.4,0.28,0.53,374,0.24,2315,0.23,157960,--------,-------,972,36719,500,199.4,216.2,16.7,0.077,169.9,0.13,0.185,931,0.011,13150,0.803,13277,--------,-------,10962,10987,91.2
112,118,Porites,18,Samara,32,20260213.03,2/13/2026,57626,554.1,-0.3,26,14.81,133.3,224.4,91.1,0.406,258,0.25,0.52,332,0.26,2048,0.23,124596,--------,-------,897,28742,500,200.1,223.6,23.5,0.105,177.8,0.14,0.274,557,0.711,13602,0.015,13613,--------,-------,9969,10023,100.3
113,119,Porites,19,Samara,32,20260213.03,2/13/2026,57658,539.7,-0.3,26,14.82,130.1,213,82.9,0.389,242.2,0.22,0.43,329,0.32,2548,0.25,76699,--------,-------,1273,19894,500,195.4,212,16.6,0.078,177.4,0.19,0.17,408,0.817,14468,0.014,14475,--------,-------,12051,12084,83
114,120,Porites,20,Samara,32,20260213.03,2/13/2026,57706,482.7,-0.3,26.1,14.81,131.3,218,86.7,0.398,269.9,0.22,0.56,348,0.22,2375,0.22,141431,--------,-------,922,31874,500,216.7,239.5,22.8,0.095,171.6,0.11,0.236,487,0.748,16084,0.016,16087,--------,-------,12343,12403,81
115,121,Pocillopora,10,Samara,34,20260213.03,2/13/2026,61138,403.6,-0.3,26.6,14.81,109.6,172.7,63.1,0.366,273.3,0.31,0.61,420,0.17,3671,0.22,187405,--------,-------,1133,42241,500,145.8,160.7,14.9,0.093,173.8,0.05,0.313,604,0.014,12891,0.673,12926,--------,-------,9018,9073,110.9
116,122,Pocillopora,8,Samara,34,20260213.03,2/13/2026,61185,569.1,-0.3,26.6,14.79,59.6,91.9,32.3,0.351,218.4,0.35,0.62,530,0.15,16582,0.23,1144903,--------,-------,3712,269282,900,83.6,90.5,6.9,0.076,173.8,0.36,0.27,613,0.718,14444,0.012,14523,--------,-------,10661,10707,93.8
117,123,Pocillopora,9,Samara,34,20260213.03,2/13/2026,61228,442.7,-0.3,26.6,14.77,124.5,205.2,80.7,0.393,257.1,0.29,0.53,411,0.21,2318,0.26,168409,--------,-------,946,44187,600,185.1,203.9,18.8,0.092,177.5,0.05,0.263,553,0.013,11511,0.724,11574,--------,-------,8634,8672,115.8
118,124,Porites,18,Samara,34,20260213.03,2/13/2026,61255,516.3,-0.3,26.6,14.76,156.5,260.3,103.8,0.399,279.7,0.23,0.5,299,0.27,2139,0.23,114403,--------,-------,951,27026,400,231.3,255.5,24.2,0.095,190,0.1,0.295,585,0.017,13285,0.688,13315,--------,-------,9493,9558,105.3
119,125,Porites,19,Samara,34,20260213.04,2/13/2026,61287,385.8,-0.3,26.7,14.77,119,191.4,72.4,0.378,269.2,0.21,0.4,239,0.4,3221,0.19,109299,--------,-------,1725,22481,500,186.8,198.7,12,0.06,265.3,0,0.144,441,0.829,13045,0.027,13086,--------,-------,11183,11233,89.4
120,126,Porites,20,Samara,34,20260213.04,2/13/2026,61312,517.6,-0.3,26.7,14.77,153.3,249.1,95.8,0.385,275.4,0.24,0.58,291,0.21,2474,0.21,147694,--------,-------,876,32094,500,250.1,273.8,23.7,0.087,213.8,0,0.245,543,0.726,15053,0.029,16868,--------,-------,11397,11557,87.7
121,127,Porites,POR_38,Papagayo,22,20260216,2/16/2026,36004,459.9,-0.3,18.2,16.6,341.9,583,241,0.413,381.7,0.28,0.64,381,0.23,1735,0.13,126067,--------,-------,743,17132,0,698.6,743.3,44.7,0.06,174.7,0,0.075,648,0.891,17689,0.034,33026,--------,-------,16374,16941,61.1
122,128,Porites,POR_39,Papagayo,22,20260216,2/16/2026,36048,619.6,-0.2,18.2,16.55,225.9,379.8,154,0.405,358,0.26,0.66,382,0.21,1603,0.14,159841,--------,-------,674,22452,300,475.9,495.4,19.5,0.039,169.9,0,0.022,630,0.937,17052,0.041,46463,--------,-------,16673,17898,60
123,129,Porites,POR_35,Papagayo,22,20260216,2/16/2026,36087,433.7,-0.3,18.2,16.54,233.1,415.7,182.6,0.439,345.9,0.29,0.69,464,0.16,2146,0.16,126057,--------,-------,779,20436,200,499.1,530.3,31.2,0.059,157,0.33,0.113,622,0.876,19884,0.011,23467,--------,-------,17681,17745,56.6
124,130,Porites,POR_34,Papagayo,22,20260216,2/16/2026,36124,846.8,-0.3,18.3,16.52,142,244.5,102.5,0.419,319.6,0.29,0.67,364,0.19,2023,0.14,181727,--------,-------,729,26295,500,323.4,335.4,12,0.036,172.3,0,0.231,117,0.745,17908,0.024,48033,--------,-------,13702,14517,73
125,131,Porites,POR_36,Papagayo,22,20260216.01,2/16/2026,36182,592.8,-0.2,18.4,16.51,190.4,323.4,133.1,0.411,337.1,0.3,0.62,338,0.24,1685,0.14,232944,--------,-------,716,32418,300,402.4,426.6,24.2,0.057,142.4,0.04,0.151,396,0.832,19505,0.017,19531,--------,-------,16569,16620,60.4
126,132,Pocillopora,POC_26,Papagayo,22,20260216.01,2/16/2026,36250,390.3,-0.2,18.5,16.49,182.1,301,118.9,0.395,307.8,0.28,0.64,377,0.19,2034,0.16,150120,--------,-------,763,25316,300,348.1,370.6,22.5,0.061,154.4,0.31,0.125,660,0.863,18531,0.012,19024,--------,-------,16272,16304,61.5
127,133,Pocillopora,POC_27,Papagayo,22,20260216.01,2/16/2026,36280,672.4,-0.3,18.5,16.48,175.7,296.2,120.6,0.407,331,0.27,0.61,330,0.23,1848,0.16,137054,--------,-------,750,22338,400,399,414.6,15.6,0.038,203.7,0,0.689,30,0.299,17729,0.012,43303,--------,-------,5391,5840,185.5
128,134,Pocillopora,POC_24,Papagayo,22,20260216.01,2/16/2026,36328,470.7,-0.3,18.5,16.47,173.6,294.3,120.7,0.41,291.2,0.27,0.66,418,0.17,2495,0.18,141779,--------,-------,836,26088,400,349.1,370.9,21.8,0.059,154.6,0.34,0.095,516,0.896,18936,0.009,22507,--------,-------,17172,17222,58.2
129,135,Pocillopora,POC_25,Papagayo,22,20260216.01,2/16/2026,36353,579.6,-0.2,18.6,16.45,151.2,227.7,76.5,0.336,270.4,0.24,0.59,324,0.22,2276,0.19,189641,--------,-------,862,36981,500,268.2,294.4,26.2,0.089,168.1,0.41,0.821,27,0.164,16146,0.015,46644,--------,-------,2717,3370,368
130,136,Pocillopora,POC_28,Papagayo,22,20260216.01,2/16/2026,36501,408.6,-0.3,18.8,16.42,152.9,251.8,98.9,0.393,289.7,0.22,0.62,358,0.22,2296,0.17,206346,--------,-------,859,34935,400,287,307.6,20.7,0.067,141.2,0.08,0.134,651,0.016,18547,0.851,18553,--------,-------,16124,16162,62
131,137,Porites,POR_39,Papagayo,24,20260216.01,2/16/2026,40123,486.7,-0.3,21,16.49,281.5,474.6,193.1,0.407,330.1,0.26,0.64,451,0.2,2360,0.16,127801,--------,-------,908,21220,0,519.8,553.9,34.1,0.062,147.7,0.05,0.11,504,0.015,17935,0.875,17988,--------,-------,16039,16068,62.3
132,138,Porites,POR_38,Papagayo,24,20260216.01,2/16/2026,40162,660.4,-0.3,21.1,16.45,184.8,311.9,127.1,0.408,268.8,0.26,0.69,446,0.15,2845,0.16,161116,--------,-------,872,27156,400,362.7,381.9,19.2,0.05,136.7,0.24,0.127,380,0.86,21157,0.013,27566,--------,-------,18483,18598,54.1
133,139,Porites,POR_34,Papagayo,24,20260216.01,2/16/2026,40195,456,-0.3,21.1,16.45,213.4,370.3,156.9,0.424,310.5,0.25,0.73,453,0.11,3211,0.16,152761,--------,-------,809,25399,300,416.3,452,35.7,0.079,148.6,0.14,0.16,560,0.02,19281,0.82,19346,--------,-------,16278,16337,61.4
134,140,Porites,POR_35,Papagayo,24,20260216.01,2/16/2026,40226,503.5,-0.3,21.1,16.44,176.5,320.3,143.8,0.449,256.1,0.3,0.63,425,0.2,2084,0.17,132395,--------,-------,820,22869,400,354.9,376.8,21.9,0.058,157.5,0.34,0.11,466,0.881,18149,0.01,21996,--------,-------,16194,16250,61.8
135,141,Porites,POR_36,Papagayo,24,20260216.02,2/16/2026,40249,646.6,-0.2,21.1,16.43,113.3,192.6,79.3,0.412,256.5,0.29,0.66,433,0.16,1632,0.19,151693,--------,-------,663,29190,600,243.8,257.1,13.3,0.052,144.8,0,0.095,478,0.884,19374,0.021,35105,--------,-------,17538,17903,57
136,142,Pocillopora,POC_24,Papagayo,24,20260216.02,2/16/2026,40278,452.6,-0.3,21.2,16.41,123.4,209.1,85.6,0.41,283.2,0.3,0.6,321,0.22,1845,0.18,162321,--------,-------,730,29460,600,243.5,261,17.5,0.067,154.9,0.33,0.11,670,0.881,20399,0.009,31072,--------,-------,18217,18332,54.9
137,143,Pocillopora,POC_27,Papagayo,24,20260216.02,2/16/2026,40321,421.1,-0.3,21.2,16.41,158.8,269.6,110.9,0.411,305.8,0.25,0.62,417,0.19,2478,0.19,156208,--------,-------,902,30085,400,241.8,261.6,19.8,0.076,171.7,0.26,0.188,500,0.8,15348,0.012,15361,--------,-------,12529,12564,79.8
138,144,Pocillopora,POC_28,Papagayo,24,20260216.02,2/16/2026,40374,556.6,-0.3,21.2,16.38,180,289.2,109.2,0.377,275.7,0.27,0.58,318,0.23,1983,0.19,122946,--------,-------,794,24508,400,343.6,376.9,33.3,0.088,174.4,0.41,0.831,27,0.152,17767,0.018,38905,--------,-------,2767,3400,361.5
139,145,Pocillopora,POC_26,Papagayo,24,20260216.02,2/16/2026,40417,452.7,-0.2,21.3,16.37,99.9,168.7,68.8,0.408,228.7,0.35,0.63,433,0.17,2750,0.2,138136,--------,-------,929,28278,700,184.9,199.7,14.8,0.074,147.2,0.13,0.152,803,0.022,18233,0.827,18242,--------,-------,15537,15595,64.4
140,146,Pocillopora,POC_25,Papagayo,24,20260216.02,2/16/2026,40449,595.4,-0.3,21.3,16.38,103.6,171.3,67.7,0.395,256.8,0.33,0.66,413,0.15,2934,0.19,167774,--------,-------,872,32944,600,288.2,303.2,14.9,0.049,139.8,0.14,0.093,461,0.014,18447,0.893,18564,--------,-------,16851,16873,59.3
141,147,Porites,POR_35,Papagayo,26,20260216.02,2/16/2026,43829,374.6,-0.2,22.7,16.36,245.9,460.8,214.9,0.466,305.6,0.26,0.61,382,0.23,1756,0.16,82094,--------,-------,756,13982,0,415.9,461.4,45.5,0.099,176.1,0.4,0.199,762,0.023,17348,0.777,17416,--------,-------,14016,14093,71.3
142,148,Porites,POR_34,Papagayo,26,20260216.02,2/16/2026,43892,900,-0.3,22.7,16.34,212.1,364.7,152.6,0.419,291.2,0.27,0.7,415,0.11,2509,0.19,119812,--------,-------,708,23241,300,424,440.8,16.8,0.038,192.8,0.01,0.01,525,0.97,16460,0.02,29981,--------,-------,16298,16574,61.4
143,149,Porites,POR_38,Papagayo,26,20260216.02,2/16/2026,43919,630,-0.3,22.7,16.33,180.6,305,124.4,0.408,294.5,0.27,0.66,377,0.16,2665,0.17,159347,--------,-------,834,28461,400,330.9,353.7,22.8,0.064,150.5,0.03,0.165,422,0.021,16620,0.813,16716,--------,-------,13961,14018,71.6
144,150,Porites,POR_39,Papagayo,26,20260216.02,2/16/2026,43944,483.3,-0.3,22.7,16.33,213,351.4,138.4,0.394,307.4,0.26,0.62,431,0.18,2362,0.2,143680,--------,-------,872,29613,300,360.4,390.2,29.8,0.076,165.1,0.1,0.183,579,0.015,15931,0.802,15957,--------,-------,13103,13146,76.3
145,151,Porites,POR_36,Papagayo,26,20260216.03,2/16/2026,43973,633.9,-0.3,22.8,16.32,178,299.2,121.2,0.405,297.3,0.3,0.69,424,0.12,2549,0.2,128863,--------,-------,737,25939,400,339.1,361.8,22.7,0.063,150,0.07,0.147,437,0.015,16464,0.839,16508,--------,-------,14112,14146,70.9
146,152,Pocillopora,POC_28,Papagayo,26,20260216.03,2/16/2026,44004,445.8,-0.3,22.8,16.3,123.6,196.3,72.6,0.37,251,0.29,0.66,376,0.13,3185,0.21,167652,--------,-------,840,36305,600,207.2,224.4,17.2,0.077,154.3,0.19,0.196,602,0.789,17672,0.016,17776,--------,-------,14280,14335,70
147,153,Pocillopora,POC_24,Papagayo,26,20260216.03,2/16/2026,44042,463.3,-0.3,22.8,16.29,148.6,255.1,106.4,0.417,279.4,0.28,0.63,374,0.16,2323,0.21,111519,--------,-------,763,23848,500,267.3,287.9,20.7,0.072,163.8,0.13,0.159,658,0.012,16792,0.829,16807,--------,-------,14213,14245,70.4
148,154,Pocillopora,POC_26,Papagayo,26,20260216.03,2/16/2026,44074,442.2,-0.3,22.9,16.29,140.6,235.3,94.6,0.402,274.6,0.29,0.61,403,0.17,2209,0.22,127817,--------,-------,799,28635,500,250.7,270.8,20.1,0.074,159.9,0.21,0.152,786,0.835,15562,0.014,15614,--------,-------,13292,13323,75.2
149,155,Pocillopora,POC_25,Papagayo,26,20260216.03,2/16/2026,44126,383.5,-0.3,22.9,16.27,215.2,370.6,155.3,0.419,335.5,0.23,0.68,398,0.13,3655,0.18,142143,--------,-------,931,26847,300,400.3,436.4,36,0.083,165.5,0.18,0.161,816,0.02,18172,0.819,18190,--------,-------,15340,15397,65.2
150,156,Pocillopora,POC_27,Papagayo,26,20260216.03,2/16/2026,44165,694.9,-0.3,22.9,16.25,146.7,248.8,102.1,0.41,299.2,0.27,0.64,365,0.15,2484,0.21,126942,--------,-------,778,27234,500,298.9,311.6,12.8,0.041,174.3,0,0.024,638,0.959,14921,0.017,39968,--------,-------,14572,15009,68.6
151,157,Porites,POR_38,Papagayo,28,20260216.03,2/16/2026,47247,473.2,-0.3,23.9,16.24,291.1,488.5,197.3,0.404,330.7,0.24,0.6,323,0.19,1994,0.2,105498,--------,-------,730,21703,0,487.9,531.7,43.9,0.083,168.2,0.01,0.216,454,0.767,15784,0.017,15869,--------,-------,12409,12468,80.6
152,158,Porites,POR_39,Papagayo,28,20260216.03,2/16/2026,47281,597.3,-0.3,23.9,16.25,217.9,357.6,139.7,0.391,310.8,0.27,0.63,372,0.16,2327,0.2,162425,--------,-------,774,33427,300,373.5,399.4,25.9,0.065,168.3,0.02,0.163,544,0.812,15052,0.025,15052,--------,-------,12623,12683,79.2
153,159,Porites,POR_36,Papagayo,28,20260216.03,2/16/2026,47311,728,-0.3,23.9,16.22,86.3,139,52.7,0.379,228.7,0.34,0.64,364,0.13,1540,0.23,211736,--------,-------,561,48398,700,161.6,174.9,13.3,0.076,150.6,0.11,0.203,385,0.027,18209,0.771,18236,--------,-------,14516,14615,68.9
154,160,Porites,POR_35,Papagayo,28,20260216.03,2/16/2026,47338,509.6,-0.3,23.9,16.22,164.9,294.1,129.2,0.439,265.3,0.3,0.64,415,0.16,2587,0.2,106172,--------,-------,858,21500,400,267.7,293.5,25.8,0.088,166,0.21,0.222,553,0.012,14705,0.767,14739,--------,-------,11559,11596,86.5
155,161,Porites,POR_34,Papagayo,28,20260216.04,2/16/2026,47358,578,-0.3,23.9,16.21,210.3,350.3,140,0.4,318.9,0.29,0.68,367,0.13,2324,0.19,192648,--------,-------,671,38093,300,392.6,425.3,32.7,0.077,165.1,0.1,0.194,404,0.79,16801,0.016,16817,--------,-------,13571,13623,73.7
156,162,Pocillopora,POC_24,Papagayo,28,20260216.04,2/16/2026,47386,452.5,-0.2,24,16.2,111.9,186.9,75,0.401,261.3,0.33,0.64,419,0.12,2729,0.24,121469,--------,-------,789,30034,600,219.9,239,19.1,0.08,162.5,0.12,0.183,662,0.014,15750,0.803,15795,--------,-------,12983,13022,77
157,163,Pocillopora,POC_25,Papagayo,28,20260216.04,2/16/2026,47424,442.9,-0.3,24,16.19,167,265.6,98.6,0.371,284.4,0.23,0.58,364,0.18,1880,0.24,136915,--------,-------,719,33933,400,285.3,307.5,22.2,0.072,154.5,0.19,0.147,586,0.012,16770,0.841,16932,--------,-------,14503,14531,69
158,164,Pocillopora,POC_26,Papagayo,28,20260216.04,2/16/2026,47456,385.4,-0.3,23.9,16.18,184.2,314.6,130.4,0.414,343.8,0.26,0.64,363,0.16,2467,0.2,147302,--------,-------,793,29455,400,347.8,378.2,30.3,0.08,169.1,0.14,0.162,586,0.824,16980,0.014,16994,--------,-------,14292,14330,70
159,165,Pocillopora,POC_28,Papagayo,28,20260216.04,2/16/2026,47484,627.5,-0.3,24,16.16,164.4,269.7,105.3,0.39,293.5,0.23,0.64,368,0.15,2485,0.21,175744,--------,-------,776,36981,400,329.7,344.6,14.9,0.043,167.6,0,0.192,213,0.799,16110,0.009,37502,--------,-------,13033,13264,76.7
160,166,Pocillopora,POC_27,Papagayo,28,20260216.04,2/16/2026,47513,391.9,-0.3,24,16.16,148.9,251.4,102.5,0.408,306.8,0.29,0.63,374,0.14,2372,0.23,124694,--------,-------,730,29236,500,270.5,296.6,26.1,0.088,174.4,0.16,0.206,567,0.014,16203,0.779,16248,--------,-------,12967,13013,77.1
161,167,Porites,POR_38,Papagayo,30,20260216.04,2/16/2026,50852,450.3,-0.3,24,16.16,322.2,546.9,224.6,0.411,364.6,0.22,0.6,382,0.18,1633,0.23,97044,--------,-------,671,22400,0,545.4,600.6,55.2,0.092,178.1,0.07,0.22,474,0.029,15509,0.751,15518,--------,-------,12104,12204,82.6
162,168,Porites,POR_35,Papagayo,30,20260216.04,2/16/2026,50913,417.9,-0.3,24.1,16.14,255.1,468.5,213.4,0.456,321.7,0.18,0.6,399,0.2,2754,0.19,90838,--------,-------,991,18325,200,440.2,481.6,41.4,0.086,191.4,0.19,0.257,701,0.014,13991,0.729,14044,--------,-------,10570,10619,94.6
163,169,Porites,POR_34,Papagayo,30,20260216.04,2/16/2026,50953,757.7,-0.3,24.1,16.12,210.5,363.3,152.8,0.421,301,0.28,0.64,365,0.14,2878,0.21,139413,--------,-------,823,30123,300,382.5,408.3,25.8,0.063,202.7,0,0.142,582,0.814,14595,0.043,17926,--------,-------,12510,12746,79.9
164,170,Porites,POR_36,Papagayo,30,20260216.04,2/16/2026,50992,517.7,-0.3,24.1,16.11,200.6,331.2,130.6,0.394,283.7,0.26,0.58,337,0.21,1917,0.21,127676,--------,-------,759,27536,300,332.3,362.5,30.3,0.083,177.9,0.17,0.201,527,0.784,14353,0.015,14361,--------,-------,11532,11574,86.7
165,171,Porites,POR_39,Papagayo,30,20260216.05,2/16/2026,51027,482.7,-0.3,24.1,16.1,274.8,455.8,181,0.397,352.2,0.24,0.58,336,0.21,2150,0.2,145250,--------,-------,818,30342,200,454.3,495.7,41.4,0.084,188.8,0.13,0.212,481,0.772,14955,0.017,15014,--------,-------,11837,11890,84.5
166,172,Pocillopora,POC_26,Papagayo,30,20260216.05,2/16/2026,51078,393.5,-0.3,24.1,16.09,183.6,312.6,129,0.413,315.3,0.23,0.63,338,0.15,1738,0.21,117418,--------,-------,613,25603,400,318.1,349.6,31.5,0.09,178.7,0.22,0.219,621,0.765,16466,0.016,16483,--------,-------,12944,13001,77.3
167,173,Pocillopora,POC_24,Papagayo,30,20260216.05,2/16/2026,51107,486,-0.3,24.1,16.08,226.4,374.4,148,0.395,306.1,0.23,0.55,392,0.21,2167,0.24,129559,--------,-------,873,32098,300,389.9,413.7,23.8,0.058,167.4,0.18,0.136,567,0.854,14635,0.01,14643,--------,-------,12706,12726,78.7
168,174,Pocillopora,POC_25,Papagayo,30,20260216.05,2/16/2026,51143,431.6,-0.3,24.1,16.08,156.2,263.9,107.7,0.408,293.1,0.3,0.65,345,0.13,2452,0.22,124516,--------,-------,706,27815,400,274.3,299.2,24.9,0.083,177.6,0.24,0.172,779,0.813,17116,0.016,17151,--------,-------,14267,14312,70.1
169,175,Pocillopora,POC_28,Papagayo,30,20260216.05,2/16/2026,51192,393.9,-0.3,24.2,16.05,188.5,314.2,125.7,0.4,332.8,0.21,0.62,361,0.16,2245,0.22,129883,--------,-------,743,29117,400,321.8,354.4,32.6,0.092,181.7,0.05,0.23,665,0.02,15982,0.749,16007,--------,-------,12397,12471,80.7
170,176,Pocillopora,POC_27,Papagayo,30,20260216.05,2/16/2026,51229,588.6,-0.3,24.1,16.06,172.5,289.7,117.3,0.405,285.4,0.29,0.65,387,0.12,2763,0.24,117847,--------,-------,752,28345,400,310.5,330.9,20.4,0.062,182.9,0,0.166,655,0.814,15068,0.02,18448,--------,-------,12619,12736,79.2
171,177,Porites,POR_38,Papagayo,32,20260216.05,2/16/2026,54915,497.2,-0.3,24,16.06,243.6,428.5,184.8,0.431,352.7,0.22,0.66,410,0.13,2691,0.21,89788,--------,-------,792,19516,0,420.9,464.5,43.6,0.094,187.8,0.14,0.238,339,0.734,15249,0.028,15273,--------,-------,11603,11706,86.2
172,178,Porites,POR_34,Papagayo,32,20260216.05,2/16/2026,54967,588.7,-0.3,24,16.05,206.9,360.8,153.9,0.427,341.8,0.27,0.62,301,0.16,2098,0.21,96377,--------,-------,674,21026,300,357.2,392.1,34.9,0.089,193.4,0.13,0.242,418,0.743,13781,0.016,13790,--------,-------,10501,10553,95.2
173,179,Porites,POR_35,Papagayo,32,20260216.05,2/16/2026,54998,471.7,-0.3,24,16.04,195.2,342.5,147.3,0.43,291.7,0.27,0.59,402,0.2,3112,0.21,120223,--------,-------,1077,25880,300,308.7,343.1,34.4,0.1,195.3,0.18,0.304,702,0.022,12867,0.674,12941,--------,-------,9139,9220,109.4
174,180,Porites,POR_36,Papagayo,32,20260216.05,2/16/2026,55039,588.5,-0.3,23.9,16,175.9,295.6,119.7,0.405,298.8,0.26,0.65,361,0.13,2157,0.22,134445,--------,-------,660,29450,400,340.6,365.6,25,0.068,199.2,0,0.202,462,0.766,15123,0.032,15843,--------,-------,12065,12186,82.9
175,181,Porites,POR_39,Papagayo,32,20260216.06,2/16/2026,55096,425.2,-0.3,24,15.99,289.3,480,190.7,0.397,388.4,0.25,0.6,354,0.19,2829,0.21,119657,--------,-------,946,25703,200,458.2,504.5,46.4,0.092,207.5,0,0.262,616,0.723,13166,0.015,13197,--------,-------,9827,9878,101.8
176,182,Pocillopora,POC_28,Papagayo,32,20260216.06,2/16/2026,55141,581.2,-0.3,24,15.98,128.7,207.2,78.6,0.379,256.7,0.3,0.66,426,0.11,6398,0.23,183035,--------,-------,1257,43407,600,207.2,223.4,16.2,0.073,174.1,0.16,0.194,575,0.014,14302,0.792,14461,--------,-------,11731,11767,85.2
177,183,Pocillopora,POC_26,Papagayo,32,20260216.06,2/16/2026,55190,401.6,-0.3,24,15.97,166.2,278.8,112.6,0.404,294.3,0.24,0.68,421,0.1,4826,0.22,147446,--------,-------,969,33767,400,270.3,299.6,29.3,0.098,176,0.16,0.254,783,0.013,14024,0.733,14049,--------,-------,10640,10684,94
178,184,Pocillopora,POC_24,Papagayo,32,20260216.06,2/16/2026,55227,531,-0.3,23.9,15.95,133.6,226.6,93,0.41,253,0.3,0.61,404,0.13,2177,0.25,115440,--------,-------,721,29923,500,227.1,246.7,19.5,0.079,169,0.33,0.168,462,0.818,16792,0.014,16843,--------,-------,14010,14050,71.4
179,185,Pocillopora,POC_27,Papagayo,32,20260216.06,2/16/2026,55264,481.5,-0.3,23.9,15.95,135.7,223.3,87.6,0.392,270.1,0.31,0.64,385,0.11,2906,0.25,158811,--------,-------,765,39914,500,218.4,239.9,21.5,0.09,181.1,0.16,0.229,791,0.757,14084,0.015,14215,--------,-------,11001,11048,90.9
180,186,Pocillopora,POC_25,Papagayo,32,20260216.06,2/16/2026,55323,499.8,-0.3,24,15.95,131.4,210.7,79.3,0.376,257.8,0.27,0.64,365,0.13,3037,0.24,168017,--------,-------,809,40637,500,186.9,203.1,16.1,0.08,170.9,0.26,0.263,522,0.012,16544,0.725,16606,--------,-------,12328,12377,81.1
181,187,Porites,POR_34,Papagayo,34,20260216.06,2/16/2026,58971,667,-0.3,24.6,15.96,142.5,237.1,94.5,0.399,298.4,0.28,0.62,306,0.16,3247,0.22,122910,--------,-------,912,27174,400,205.3,227.6,22.2,0.098,193.4,0.07,0.291,729,0.019,13216,0.689,13344,--------,-------,9596,9666,104.2
182,188,Porites,POR_36,Papagayo,34,20260216.06,2/16/2026,59033,602,-0.3,24.6,15.93,148.5,245.8,97.3,0.396,293.5,0.26,0.62,327,0.16,2299,0.22,102051,--------,-------,735,23278,500,241.9,265.9,24.1,0.091,177.3,0,0.287,408,0.037,11897,0.676,11917,--------,-------,8488,8615,117.8
183,189,Porites,POR_35,Papagayo,34,20260216.06,2/16/2026,59064,445.2,-0.3,24.6,15.91,222.6,368.4,145.8,0.396,312.8,0.21,0.49,387,0.26,2567,0.25,95795,--------,-------,1146,25261,300,316.1,348.7,32.6,0.094,206,0.02,0.372,548,0.046,11999,0.582,12032,--------,-------,7560,7764,132.3
184,190,Porites,POR_39,Papagayo,34,20260216.06,2/16/2026,59094,438.3,-0.3,24.6,15.91,254.7,417.6,162.9,0.39,370.3,0.23,0.54,468,0.22,4137,0.24,116840,--------,-------,1529,29323,200,399,432.7,33.7,0.078,216.1,0.04,0.261,880,0.724,13539,0.015,13708,--------,-------,10180,10234,98.2
185,191,Porites,POR_38,Papagayo,34,20260216.07,2/16/2026,59126,690.7,-0.3,24.7,15.9,178.8,286.5,107.8,0.376,323,0.24,0.65,316,0.14,2933,0.21,156517,--------,-------,792,33655,400,283.8,309.9,26.1,0.084,202.5,0,0.265,531,0.712,13038,0.023,13068,--------,-------,9641,9719,103.7
186,192,Pocillopora,POC_25,Papagayo,34,20260216.07,2/16/2026,59156,647.9,-0.3,24.7,15.88,98.6,145,46.4,0.32,255.9,0.25,0.56,338,0.14,2896,0.3,147101,--------,-------,858,44011,700,135,144.9,9.9,0.068,209.7,0,0.382,521,0.598,14839,0.02,20264,--------,-------,9258,9473,108
187,193,Pocillopora,POC_28,Papagayo,34,20260216.07,2/16/2026,59203,484.8,-0.3,24.7,15.88,143.2,227.9,84.7,0.372,278.6,0.27,0.62,348,0.12,2512,0.26,127764,--------,-------,688,33801,500,230.3,253.7,23.5,0.093,176.7,0.1,0.254,715,0.722,14770,0.024,14784,--------,-------,11115,11205,90
188,194,Pocillopora,POC_26,Papagayo,34,20260216.07,2/16/2026,59241,479.7,-0.3,24.7,15.85,127.2,202.5,75.3,0.372,306.7,0.31,0.68,355,0.11,15808,0.21,356023,--------,-------,2488,77456,500,208,233.1,25,0.107,185.6,0,0.337,605,0.616,12425,0.046,12431,--------,-------,8243,8437,121.3
189,195,Pocillopora,POC_24,Papagayo,34,20260216.07,2/16/2026,59273,529.9,-0.3,24.8,15.84,100.8,160.4,59.7,0.372,271.4,0.33,0.68,378,0.08,10143,0.24,278729,--------,-------,1460,67391,700,163.5,182,18.5,0.102,178.9,0.22,0.262,635,0.019,14783,0.719,14788,--------,-------,11004,11076,90.9
190,196,Pocillopora,POC_27,Papagayo,34,20260216.07,2/16/2026,59307,476.4,-0.3,24.8,15.85,157,254.6,97.6,0.383,295.3,0.26,0.65,371,0.1,3860,0.25,141065,--------,-------,827,36315,500,240.8,265.9,25.1,0.094,189.2,0.16,0.307,802,0.68,13442,0.014,13542,--------,-------,9510,9564,105.2
191,197,Porites,POR_33,Papagayo,22,20260217,2/17/2026,34838,563.9,-0.3,21.4,16.98,266,463.7,197.7,0.426,334.6,0.24,0.61,418,0.23,1685,0.16,124934,--------,-------,763,20412,0,563.3,590.7,27.4,0.046,171.3,0,0.038,531,0.927,18446,0.035,45716,--------,-------,17746,18731,56.3
192,198,Porites,POC_40,Papagayo,22,20260217,2/17/2026,34864,564.9,-0.3,21.4,16.96,192.5,325.8,133.4,0.409,331,0.23,0.62,346,0.22,1528,0.16,127861,--------,-------,651,20891,300,407.2,428.6,21.4,0.05,150.9,0,0.046,570,0.936,18879,0.018,49654,--------,-------,18017,18587,55.5
193,199,Porites,POR_32,Papagayo,22,20260217,2/17/2026,34892,608.2,-0.3,21.4,16.94,177.1,289.9,112.8,0.389,329.9,0.24,0.65,378,0.19,1946,0.16,183277,--------,-------,730,30504,400,362.1,381.6,19.5,0.051,149.8,0,0.072,577,0.907,19309,0.021,44220,--------,-------,17926,18483,55.8
194,200,Porites,POC_31,Papagayo,22,20260217,2/17/2026,34928,456.8,-0.3,21.4,16.93,214.2,354.5,140.3,0.396,345.7,0.24,0.66,393,0.17,2016,0.17,148484,--------,-------,734,25811,300,422,453.3,31.2,0.069,152.1,0.17,0.162,526,0.825,20673,0.012,24866,--------,-------,17364,17457,57.6
195,201,Porites,POR_37,Papagayo,22,20260217.01,2/17/2026,34973,730.8,-0.3,21.5,16.9,203.6,353.3,149.7,0.424,339,0.3,0.66,379,0.18,1884,0.17,125029,--------,-------,697,21479,300,487.3,542.8,55.5,0.102,149.9,0.53,0.856,31,0.131,17061,0.013,47377,--------,-------,2295,2871,435.8
196,202,Pocillopora,POC_22,Papagayo,22,20260217.01,2/17/2026,35019,511.6,-0.3,21.5,16.89,170.1,293.3,123.2,0.42,290.1,0.3,0.63,362,0.18,2645,0.19,145638,--------,-------,865,29074,400,358.3,380.8,22.5,0.059,146,0.15,0.099,613,0.017,16877,0.885,16979,--------,-------,15334,15360,65.2
197,203,Pocillopora,POC_29,Papagayo,22,20260217.01,2/17/2026,35049,598.7,-0.2,21.5,16.88,160.6,253,92.5,0.365,287.4,0.25,0.59,373,0.19,2465,0.23,162295,--------,-------,880,37246,400,307.1,319.9,12.7,0.04,155.8,0.01,0.162,264,0.824,16960,0.014,39018,--------,-------,14211,14558,70.4
198,204,Pocillopora,POC_23,Papagayo,22,20260217.01,2/17/2026,35083,554.3,-0.3,21.5,16.87,148.6,216.7,68.1,0.314,260.8,0.21,0.53,394,0.19,2513,0.27,151286,--------,-------,956,42067,500,229.9,240.9,11.1,0.046,153.6,0.12,0.164,604,0.823,18422,0.013,19252,--------,-------,15469,15519,64.6
199,205,Pocillopora,POC_21,Papagayo,22,20260217.01,2/17/2026,35147,544.3,-0.3,21.5,16.85,128.4,204.8,76.4,0.373,249.7,0.33,0.58,363,0.17,2264,0.25,123780,--------,-------,791,31838,500,231.3,246,14.8,0.06,147.8,0.21,0.125,463,0.863,18685,0.012,20021,--------,-------,16380,16423,61.1
200,206,Pocillopora,POC_30,Papagayo,22,20260217.01,2/17/2026,35182,445.8,-0.3,21.6,16.82,181.3,308.3,127,0.412,323.8,0.23,0.59,430,0.2,2517,0.2,143394,--------,-------,963,29683,400,371.1,393.8,22.7,0.058,150.8,0.04,0.132,614,0.853,18244,0.015,18248,--------,-------,15881,15916,63
201,207,Porites,POR_33,Papagayo,24,20260217.01,2/17/2026,38245,785.7,-0.3,22.7,16.86,117.2,190.4,73.2,0.384,229.7,0.3,0.63,420,0.17,3655,0.19,207149,--------,-------,1107,41076,500,230.7,240.7,9.9,0.041,158.8,0,0.025,564,0.933,18520,0.042,50854,--------,-------,18049,19436,55.4
202,208,Porites,POC_40,Papagayo,24,20260217.01,2/17/2026,38302,550,-0.2,22.7,16.83,211.7,367.4,155.6,0.424,290.5,0.24,0.61,437,0.2,2433,0.19,112809,--------,-------,924,21898,300,398.8,426.2,27.4,0.064,153,0.1,0.164,416,0.823,20243,0.012,25898,--------,-------,16946,17057,59
203,209,Porites,POR_32,Papagayo,24,20260217.01,2/17/2026,38349,824.9,-0.3,22.7,16.8,134.5,215.8,81.3,0.377,249.5,0.32,0.64,404,0.16,2465,0.2,173189,--------,-------,825,35255,500,249.2,273,23.7,0.087,177.3,0.37,0.834,32,0.148,17921,0.018,35091,--------,-------,2728,3313,366.6
204,210,Porites,POR_37,Papagayo,24,20260217.01,2/17/2026,38388,577.4,-0.3,22.8,16.79,230.4,405.1,174.6,0.431,276.2,0.25,0.61,410,0.18,2313,0.2,130306,--------,-------,847,27237,300,448.9,479.4,30.5,0.064,153.2,0.09,0.154,429,0.822,18083,0.023,18084,--------,-------,15292,15358,65.4
205,211,Porites,POC_31,Papagayo,24,20260217.02,2/17/2026,38433,539.3,-0.3,22.8,16.8,180.7,301.4,120.8,0.401,268.3,0.27,0.57,378,0.21,1812,0.22,111755,--------,-------,768,24679,400,320,342.2,22.2,0.065,159.6,0.27,0.163,418,0.825,20683,0.012,31415,--------,-------,17350,17518,57.6
206,212,Pocillopora,POC_23,Papagayo,24,20260217.02,2/17/2026,38494,415.4,-0.2,22.9,16.76,134.5,232.9,98.4,0.423,248.6,0.29,0.58,450,0.17,2506,0.24,113991,--------,-------,923,28494,600,232.2,252.9,20.8,0.082,156.1,0.33,0.176,682,0.812,19131,0.012,19235,--------,-------,15843,15884,63.1
207,213,Pocillopora,POC_29,Papagayo,24,20260217.02,2/17/2026,38540,900,-0.3,22.9,16.74,132.4,227.1,94.7,0.417,238.5,0.33,0.57,390,0.21,2245,0.23,139396,--------,-------,888,32239,600,273.6,291.3,17.7,0.061,172.2,0.23,0.791,29,0.197,16139,0.012,48640,--------,-------,3240,3798,308.6
208,214,Pocillopora,POC_21,Papagayo,24,20260217.02,2/17/2026,38577,630,-0.3,22.9,16.75,110.5,174.8,64.3,0.368,222.5,0.35,0.58,483,0.1,2873,0.32,120580,--------,-------,841,38751,700,186,197.3,11.3,0.057,148.1,0.14,0.112,744,0.016,18120,0.872,18142,--------,-------,16164,16196,61.9
209,215,Pocillopora,POC_22,Papagayo,24,20260217.02,2/17/2026,38633,441,-0.3,22.9,16.72,162.6,285.7,123.1,0.431,242.7,0.31,0.57,429,0.2,2959,0.23,137687,--------,-------,1098,32263,500,278.5,303.2,24.6,0.081,158.6,0.24,0.161,600,0.825,17495,0.014,17501,--------,-------,14732,14769,67.9
210,216,Pocillopora,POC_30,Papagayo,24,20260217.02,2/17/2026,38672,689.5,-0.2,22.9,16.71,109.3,192,82.7,0.431,236.6,0.33,0.56,366,0.21,1890,0.23,116249,--------,-------,790,27136,600,223.2,233.7,10.6,0.045,162,0,0.046,656,0.924,16420,0.03,30880,--------,-------,15670,16129,63.8
211,217,Porites,POR_37,Papagayo,26,20260217.02,2/17/2026,41958,563.8,-0.3,23.6,16.74,228.1,403.8,175.7,0.435,269.4,0.25,0.54,386,0.25,1861,0.21,101305,--------,-------,849,21557,200,439,468.2,29.1,0.062,145.6,0.23,0.105,429,0.884,19275,0.011,21738,--------,-------,17271,17321,57.9
212,218,Porites,POR_33,Papagayo,26,20260217.02,2/17/2026,41978,465.6,-0.3,23.6,16.74,226.7,386.4,159.7,0.413,300.1,0.22,0.62,416,0.18,2196,0.2,128338,--------,-------,810,26875,300,430.8,466.4,35.6,0.076,153.1,0.15,0.155,409,0.02,19723,0.826,19724,--------,-------,16677,16737,60
213,219,Porites,POC_40,Papagayo,26,20260217.02,2/17/2026,42007,672,-0.3,23.6,16.73,202.8,350.2,147.4,0.421,301,0.27,0.66,397,0.15,2638,0.19,126054,--------,-------,819,24064,300,419.3,438.5,19.2,0.044,200.7,0.01,0.016,526,0.954,17620,0.03,35648,--------,-------,17337,17889,57.7
214,220,Porites,POR_32,Papagayo,26,20260217.02,2/17/2026,42028,491.3,-0.3,23.7,16.71,212.5,356.6,144.1,0.404,278.7,0.23,0.64,425,0.17,2909,0.19,172715,--------,-------,933,33896,300,386.9,418.5,31.6,0.075,154.5,0.16,0.177,440,0.804,19602,0.019,19620,--------,-------,16137,16203,62
215,221,Porites,POC_31,Papagayo,26,20260217.03,2/17/2026,42052,792.8,-0.3,23.7,16.72,113.7,185.1,71.4,0.386,244.2,0.31,0.61,438,0.16,3031,0.22,138345,--------,-------,983,31854,600,206.8,217.1,10.3,0.047,161.5,0,0.038,561,0.934,17761,0.028,52065,--------,-------,17088,18053,58.5
216,222,Pocillopora,POC_30,Papagayo,26,20260217.03,2/17/2026,42076,555,-0.3,23.6,16.7,134.9,239.3,104.4,0.436,247.1,0.3,0.54,391,0.22,2009,0.24,113532,--------,-------,852,27823,500,252.6,269.1,16.5,0.061,159.9,0.13,0.148,647,0.841,16363,0.01,16905,--------,-------,14009,14039,71.4
217,223,Pocillopora,POC_22,Papagayo,26,20260217.03,2/17/2026,42098,900,-0.3,23.7,16.71,41.4,63.3,22,0.347,190.9,0.52,0.51,471,0.14,4344,0.35,189612,--------,-------,1291,67042,1100,74.9,78.7,3.9,0.049,139.7,0.48,0.084,525,0.011,20235,0.905,20387,--------,-------,18700,18716,53.5
218,224,Pocillopora,POC_29,Papagayo,26,20260217.03,2/17/2026,42126,590.8,-0.3,23.7,16.68,65.4,106.9,41.5,0.388,204.5,0.41,0.59,478,0.15,4880,0.26,234125,--------,-------,1352,62641,900,112.3,120.1,7.8,0.065,152.3,0.19,0.167,521,0.013,17892,0.82,18012,--------,-------,15052,15090,66.4
219,225,Pocillopora,POC_23,Papagayo,26,20260217.03,2/17/2026,42146,488.9,-0.3,23.7,16.69,95.3,156.3,60.9,0.39,223.8,0.32,0.6,426,0.16,2586,0.25,150760,--------,-------,874,37813,700,162.6,176.3,13.7,0.078,156.2,0.24,0.192,624,0.791,17951,0.017,17974,--------,-------,14560,14618,68.7
220,226,Pocillopora,POC_21,Papagayo,26,20260217.03,2/17/2026,42173,739,-0.3,23.7,16.68,44.4,69.8,25.4,0.364,193.8,0.42,0.53,446,0.14,2970,0.33,172760,--------,-------,989,57753,1100,124.1,130.3,6.2,0.048,148.7,0.06,0.126,471,0.858,16551,0.016,16564,--------,-------,14498,14531,69
221,227,Porites,POR_33,Papagayo,28,20260217.03,2/17/2026,45271,557.3,-0.3,24.1,16.7,226.9,386.3,159.4,0.413,285.2,0.25,0.57,421,0.19,2105,0.23,131552,--------,-------,845,31093,200,401.3,433.4,32.1,0.074,160.3,0.01,0.187,446,0.79,16092,0.023,16093,--------,-------,13098,13167,76.3
222,228,Porites,POR_32,Papagayo,28,20260217.03,2/17/2026,45298,791.6,-0.3,24.2,16.69,134.4,225.6,91.2,0.404,253.5,0.29,0.59,362,0.18,1918,0.23,136156,--------,-------,728,31412,500,247.9,263.5,15.6,0.059,159.5,0,0.13,439,0.844,17549,0.026,19646,--------,-------,15257,15371,65.5
223,229,Porites,POC_40,Papagayo,28,20260217.03,2/17/2026,45322,554.1,-0.3,24.2,16.68,223.7,384.2,160.5,0.418,321.2,0.25,0.64,420,0.14,2318,0.22,121346,--------,-------,765,26881,300,419.5,453.5,34,0.075,159.2,0.07,0.159,421,0.022,17441,0.819,17526,--------,-------,14741,14799,67.8
224,230,Pocillopora,POC_29,Papagayo,28,20260217.03,2/17/2026,45346,512.9,-0.3,24.2,16.67,126.3,211.9,85.6,0.404,232.9,0.34,0.54,370,0.21,2165,0.25,127073,--------,-------,870,32662,600,228.7,244.9,16.2,0.066,160.2,0.3,0.151,657,0.837,18191,0.012,18194,--------,-------,15513,15546,64.5
225,231,Porites,POR_37,Papagayo,28,20260217.04,2/17/2026,45370,507.9,-0.3,24.2,16.67,184.3,313.8,129.5,0.413,278.5,0.27,0.62,404,0.16,2121,0.23,134973,--------,-------,755,30959,400,,,,,,,,,,,,,,,,,
226,232,Porites,POC_31,Papagayo,28,20260217.04,2/17/2026,45392,613.7,-0.3,24.2,16.66,216.8,365.3,148.5,0.407,304.1,0.27,0.62,352,0.17,2023,0.21,121875,--------,-------,714,26046,300,405.8,435.2,29.3,0.067,151.3,0.07,0.139,436,0.02,17644,0.841,17676,--------,-------,15232,15280,65.7
227,233,Pocillopora,POC_30,Papagayo,28,20260217.04,2/17/2026,45419,424.4,-0.3,24.2,16.66,145.5,243.5,98,0.403,263.6,0.24,0.58,379,0.17,2272,0.25,115759,--------,-------,806,29027,500,240.8,263.1,22.3,0.085,169.9,0.17,0.236,574,0.022,17481,0.743,17516,--------,-------,13436,13525,74.4
228,234,Pocillopora,POC_22,Papagayo,28,20260217.04,2/17/2026,45446,568.8,-0.3,24.3,16.64,158.4,276,117.5,0.426,285.4,0.26,0.56,383,0.18,2198,0.26,123860,--------,-------,823,33301,500,318,335.4,17.5,0.052,153.2,0.06,0.117,591,0.874,15182,0.009,16440,--------,-------,13465,13491,74.3
229,235,Pocillopora,POC_21,Papagayo,28,20260217.04,2/17/2026,45474,444.2,-0.3,24.3,16.65,143.6,237.4,93.7,0.395,240.6,0.32,0.57,425,0.14,2525,0.3,135830,--------,-------,833,40873,500,235.9,259.7,23.8,0.092,163.9,0.26,0.219,608,0.766,17291,0.015,17315,--------,-------,13584,13640,73.6
230,236,Pocillopora,POC_23,Papagayo,28,20260217.04,2/17/2026,45495,556.5,-0.3,24.3,16.64,154.5,257,102.5,0.399,271.4,0.26,0.61,404,0.14,3351,0.25,127537,--------,-------,965,32240,500,279.3,297.5,18.2,0.061,154.3,0.15,0.136,539,0.012,16476,0.852,16532,--------,-------,14332,14358,69.8
231,237,Porites,POR_32,Papagayo,30,20260217.04,2/17/2026,48617,664.9,-0.3,25.4,16.62,240.7,407.6,166.9,0.409,333.2,0.21,0.63,349,0.16,1768,0.22,111302,--------,-------,635,24589,200,433.9,468.9,35,0.075,169.2,0.07,0.18,374,0.799,15933,0.021,15941,--------,-------,13067,13126,76.5
232,238,Porites,POC_31,Papagayo,30,20260217.04,2/17/2026,48651,545.8,-0.3,25.4,16.62,186,315.6,129.6,0.411,312.7,0.24,0.6,323,0.17,1631,0.22,104732,--------,-------,613,23815,400,316.8,350.1,33.2,0.095,180.9,0.16,0.238,457,0.745,16245,0.017,16282,--------,-------,12419,12486,80.5
233,239,Porites,POR_33,Papagayo,30,20260217.04,2/17/2026,48705,562.5,-0.3,25.4,16.63,185.7,316.5,130.8,0.413,338.4,0.27,0.64,324,0.14,1820,0.22,128685,--------,-------,593,28319,400,346,377,31,0.082,175.2,0.26,0.195,415,0.017,16851,0.789,16893,--------,-------,13630,13684,73.4
234,240,Pocillopora,POC_30,Papagayo,30,20260217.04,2/17/2026,48739,459.5,-0.3,25.4,16.61,147.7,238.8,91,0.381,280.8,0.27,0.61,351,0.13,2963,0.26,162164,--------,-------,811,42191,500,237.1,262.1,25,0.095,172.2,0.04,0.284,623,0.025,15661,0.69,15670,--------,-------,11278,11389,88.7
235,241,Pocillopora,POC_22,Papagayo,30,20260217.05,2/17/2026,48802,595.3,-0.3,25.5,16.59,160.9,267.3,106.4,0.398,273.1,0.27,0.59,354,0.16,2760,0.25,126059,--------,-------,873,31739,500,280.7,300,19.3,0.064,178.1,0,0.171,654,0.028,15709,0.801,15713,--------,-------,13071,13145,76.5
236,242,Porites,POC_40,Papagayo,30,20260217.05,2/17/2026,48828,553,-0.3,25.5,16.58,216,364.8,148.8,0.408,371.8,0.24,0.67,343,0.12,2518,0.21,148978,--------,-------,664,31790,300,388.6,427.8,39.2,0.092,185.2,0,0.243,424,0.022,14374,0.734,14399,--------,-------,10923,11000,91.6
237,243,Porites,POR_37,Papagayo,30,20260217.05,2/17/2026,48873,689.8,-0.3,25.6,16.57,134.6,222.4,87.9,0.395,281.9,0.31,0.69,394,0.09,13332,0.22,241256,--------,-------,1901,53493,500,239.2,262.7,23.5,0.089,172.9,0.15,0.221,468,0.762,15425,0.017,15431,--------,-------,12069,12127,82.9
238,244,Pocillopora,POC_21,Papagayo,30,20260217.05,2/17/2026,48914,482.1,-0.3,25.6,16.56,145,248.5,103.5,0.417,250,0.32,0.63,473,0.12,11783,0.25,227194,--------,-------,2314,57608,500,233.6,257.6,24,0.093,179.5,0.24,0.25,678,0.735,15445,0.016,15448,--------,-------,11701,11759,85.5
239,245,Pocillopora,POC_23,Papagayo,30,20260217.05,2/17/2026,48945,570.8,-0.3,25.6,16.55,114.7,191.6,76.8,0.401,242.3,0.32,0.6,393,0.11,3007,0.29,124017,--------,-------,812,36090,600,190.9,206.9,16,0.077,180.1,0.29,0.225,447,0.013,16435,0.762,16466,--------,-------,12820,12867,78
240,246,Pocillopora,POC_29,Papagayo,30,20260217.05,2/17/2026,48976,485.2,-0.3,25.7,16.55,141,233.4,92.4,0.396,290,0.26,0.63,346,0.11,3105,0.25,152126,--------,-------,765,39246,500,253,276.8,23.8,0.086,181.7,0.07,0.243,606,0.023,16117,0.734,16131,--------,-------,12271,12359,81.5
241,247,Porites,POR_32,Papagayo,32,20260217.05,2/17/2026,51736,857.6,-0.3,26,16.59,167.3,280.5,113.2,0.404,275.5,0.25,0.62,349,0.16,2616,0.22,162163,--------,-------,804,36232,300,281,303.2,22.2,0.073,200.4,0,0.185,445,0.771,14969,0.045,17289,--------,-------,12160,12388,82.2
242,248,Porites,POR_33,Papagayo,32,20260217.05,2/17/2026,51759,600.3,-0.3,26,16.57,197.7,339,141.3,0.417,317.9,0.23,0.55,287,0.21,1195,0.24,57092,--------,-------,532,14116,300,331.1,360.2,29.1,0.081,176.2,0.09,0.199,531,0.028,16226,0.773,16281,--------,-------,13059,13148,76.6
243,249,Porites,POC_40,Papagayo,32,20260217.05,2/17/2026,51778,520.8,-0.3,26,16.57,189.2,321.6,132.3,0.412,339.5,0.23,0.61,337,0.16,1851,0.22,112390,--------,-------,659,25737,400,341.6,378.8,37.2,0.098,195,0.11,0.244,495,0.028,15262,0.728,15274,--------,-------,11558,11661,86.5
244,250,Porites,POR_37,Papagayo,32,20260217.05,2/17/2026,51799,612,-0.3,26,16.56,181.7,313.4,131.6,0.42,282.7,0.27,0.62,373,0.14,2704,0.24,112024,--------,-------,795,27781,400,322,355.3,33.3,0.094,185.3,0.16,0.269,433,0.028,14464,0.703,14469,--------,-------,10589,10698,94.4
245,251,Porites,POC_31,Papagayo,32,20260217.06,2/17/2026,51825,620.4,-0.3,26,16.55,189.3,319.5,130.2,0.407,303.3,0.26,0.62,345,0.15,2412,0.23,120540,--------,-------,746,28076,400,316.4,348.3,31.9,0.092,176.6,0.08,0.223,456,0.028,13971,0.749,14020,--------,-------,10909,10994,91.7
246,252,Pocillopora,POC_22,Papagayo,32,20260217.06,2/17/2026,51847,619.4,-0.3,26,16.55,68,106.7,38.7,0.363,214.8,0.38,0.53,303,0.19,2181,0.28,154449,--------,-------,791,43871,800,102.7,111.9,9.2,0.082,170.7,0.24,0.235,559,0.01,15324,0.755,15345,--------,-------,11839,11874,84.5
247,253,Pocillopora,POC_29,Papagayo,32,20260217.06,2/17/2026,51868,843.9,-0.3,26,16.53,28.4,42.8,14.5,0.338,178.9,0.46,0.54,439,0.1,6720,0.37,163890,--------,-------,1408,60894,1300,41.7,45,3.3,0.073,155.5,0.37,0.287,343,0.704,15337,0.008,17293,--------,-------,10991,11044,91
248,254,Pocillopora,POC_23,Papagayo,32,20260217.06,2/17/2026,51891,538.4,-0.3,26.1,16.52,135,224.6,89.6,0.399,248.8,0.29,0.56,386,0.16,3031,0.28,153759,--------,-------,976,43171,500,216.3,235,18.7,0.08,172.8,0.2,0.203,730,0.012,15725,0.785,15738,--------,-------,12652,12688,79
249,255,Pocillopora,POC_30,Papagayo,32,20260217.06,2/17/2026,51911,566.8,-0.3,26.1,16.53,107,182.5,75.5,0.413,229.7,0.35,0.54,361,0.18,2304,0.28,133226,--------,-------,849,38197,700,175.1,191.2,16.2,0.084,178,0.3,0.221,693,0.011,15232,0.768,15268,--------,-------,12005,12041,83.3
250,256,Pocillopora,POC_21,Papagayo,32,20260217.06,2/17/2026,51937,533.5,-0.3,26.1,16.5,109.5,179,69.5,0.388,218.5,0.4,0.52,349,0.18,2876,0.3,149255,--------,-------,993,45836,700,164.7,181.2,16.4,0.091,163.1,0.17,0.266,710,0.013,15172,0.72,15334,--------,-------,11387,11437,87.8
251,257,Porites,POR_32,Papagayo,34,20260217.06,2/17/2026,54592,668.2,-0.3,26.3,16.52,215.9,364.7,148.8,0.408,314.8,0.19,0.61,391,0.14,2952,0.25,104369,--------,-------,874,26283,200,348.1,379.3,31.3,0.082,243.9,0,0.202,560,0.761,13723,0.037,13772,--------,-------,10959,11062,91.2
252,258,Porites,POR_33,Papagayo,34,20260217.06,2/17/2026,54615,614.2,-0.3,26.3,16.51,108.1,178.1,70,0.393,309.4,0.25,0.62,361,0.14,2646,0.24,110709,--------,-------,781,26972,600,161.5,179.1,17.7,0.099,181.1,0.02,0.27,501,0.708,13482,0.021,13487,--------,-------,9897,9974,101
253,259,Porites,POC_40,Papagayo,34,20260217.06,2/17/2026,54641,590.4,-0.3,26.4,16.48,175.7,295.5,119.7,0.405,328.1,0.21,0.61,407,0.16,3627,0.23,126973,--------,-------,1084,29474,400,283.1,311,27.9,0.09,207.1,0.09,0.276,455,0.016,12774,0.708,12920,--------,-------,9421,9475,106.1
254,260,Porites,POR_37,Papagayo,34,20260217.06,2/17/2026,54663,413.3,-0.3,26.3,16.49,22.9,32.3,9.4,0.291,179.2,0.45,0.48,350,0.11,679,0.41,1144903,--------,-------,412,472597,1300,156.3,155,-1.3,-0.008,356.6,0.7,0.812,282,0.139,8476,0.049,180520,--------,-------,1482,10214,674.7
255,261,Pocillopora,POC_21,Papagayo,34,20260217.07,2/17/2026,54685,900,-0.3,26.3,16.48,147.8,253.8,106,0.418,268.2,0.28,0.59,386,0.15,3393,0.25,112855,--------,-------,1007,29245,500,257.8,277.7,19.9,0.072,183.4,0.04,0.196,445,0.017,11826,0.787,11899,--------,-------,9616,9653,104
256,262,Pocillopora,POC_23,Papagayo,34,20260217.07,2/17/2026,54709,564.2,-0.3,26.3,16.48,128.8,210.7,82,0.389,255.4,0.27,0.53,336,0.19,2344,0.28,113748,--------,-------,858,32590,600,189.4,206.1,16.7,0.081,186.4,0.12,0.278,627,0.014,13368,0.707,13505,--------,-------,9871,9921,101.3
257,263,Pocillopora,POC_30,Papagayo,34,20260217.07,2/17/2026,54729,648.3,-0.3,26.4,16.46,95.3,148.1,52.8,0.356,235.7,0.26,0.49,350,0.21,2486,0.3,175883,--------,-------,992,53498,700,136.3,147.1,10.8,0.073,188.6,0.24,0.289,399,0.695,15596,0.016,15628,--------,-------,11134,11206,89.8
258,264,Pocillopora,POC_22,Papagayo,34,20260217.07,2/17/2026,54749,674.4,-0.3,26.3,16.44,73.7,118.2,44.4,0.376,217.1,0.39,0.51,318,0.21,2088,0.28,176923,--------,-------,832,50712,800,108.1,118.4,10.3,0.087,170.8,0.19,0.329,643,0.011,12391,0.661,12411,--------,-------,8503,8545,117.6
259,265,Pocillopora,POC_29,Papagayo,34,20260217.07,2/17/2026,54770,486.3,-0.3,26.3,16.46,177.8,296.7,118.9,0.401,277.9,0.21,0.49,365,0.24,2635,0.27,125884,--------,-------,1110,34341,400,262.9,286.5,23.6,0.082,193,0.03,0.314,483,0.014,11250,0.671,11262,--------,-------,7826,7875,127.8
260,266,Porites,POC_31,Papagayo,34,20260217.07,2/17/2026,54790,624.5,-0.3,26.3,16.44,96.5,154.5,58,0.375,230.7,0.35,0.51,366,0.19,2830,0.3,154603,--------,-------,1023,47650,700,142.5,155,12.5,0.081,179,0.33,0.214,602,0.011,13350,0.775,13481,--------,-------,10689,10718,93.6
141,,,,,,20260217.07,2/17/2026,54812,553.4,-0.3,26.3,16.43,208.5,347.9,139.3,0.4,318.8,0.18,0.55,405,0.21,3419,0.24,116867,--------,-------,1242,28816,300,328.5,355.9,27.4,0.077,182.8,0.14,0.26,473,0.725,13920,0.016,13950,--------,-------,10374,10431,96.4